"","UHH"
"1",64.8779564122951
"2",64.8779564122951
"3",65.1353814587759
"4",64.8779564122951
"5",64.8779564122951
"6",62.2127695417934
"7",62.4905739794928
"8",62.4905739794928
"9",62.2127695417934
"10",62.2127695417934
"11",62.4905739794928
"12",60.9539986020331
"13",62.2127695417934
"14",62.3326005901332
"15",62.6104050278327
"16",62.8678300743135
"17",64.1286374803018
"18",63.7454883895466
"19",63.5934079961216
"20",64.1286374803018
"21",64.1286374803018
"22",63.871212433821
"23",63.871212433821
"24",63.871212433821
"25",63.5934079961216
"26",63.871212433821
"27",63.871212433821
"28",63.871212433821
"29",63.5934079961216
"30",64.1286374803018
"31",63.5934079961216
"32",63.5934079961216
"33",63.1382481743848
"34",62.880823127904
"35",63.1382481743848
"36",63.2632460220315
"37",63.0058209755507
"38",63.0058209755507
"39",62.7280165378513
"40",63.2632460220315
"41",62.7280165378513
"42",63.0058209755507
"43",63.2632460220315
"44",63.0058209755507
"45",62.7280165378513
"46",65.1330610721282
"47",64.8552566344287
"48",64.8552566344287
"49",65.390486118609
"50",65.390486118609
"51",65.390486118609
"52",64.0407077686776
"53",64.8552566344287
"54",62.3008325764039
"55",62.5786370141034
"56",62.3008325764039
"57",62.3008325764039
"58",62.5786370141034
"59",62.3008325764039
"60",66.065491458122
"61",64.9728412215222
"62",64.9728412215222
"63",65.2506456592217
"64",64.9728412215222
"65",65.2506456592217
"66",64.9728412215222
"67",64.9728412215222
"68",64.9728412215222
"69",65.2506456592217
"70",64.9728412215222
"71",65.2506456592217
"72",65.2506456592217
"73",64.9728412215222
"74",63.5729833836804
"75",63.295178945981
"76",63.5729833836804
"77",63.295178945981
"78",63.295178945981
"79",63.5729833836804
"80",62.4806300802299
"81",63.295178945981
"82",63.295178945981
"83",63.8304084301612
"84",63.5729833836804
"85",63.8304084301612
"86",63.5729833836804
"87",63.5729833836804
"88",63.5729833836804
"89",63.8304084301612
"90",63.5729833836804
"91",63.5729833836804
"92",62.4806300802299
"93",63.5729833836804
"94",63.5729833836804
"95",63.8304084301612
"96",63.5729833836804
"97",63.295178945981
"98",63.5729833836804
"99",63.5729833836804
"100",63.295178945981
"101",63.295178945981
"102",63.8304084301612
"103",63.5729833836804
"104",63.5729833836804
"105",63.5729833836804
"106",63.5729833836804
"107",62.4806300802299
"108",63.5729833836804
"109",63.8304084301612
"110",63.5729833836804
"111",63.5729833836804
"112",62.4806300802299
"113",63.295178945981
"114",63.295178945981
"115",63.5729833836804
"116",63.295178945981
"117",63.295178945981
"118",63.5729833836804
"119",63.5729833836804
"120",62.4806300802299
"121",63.295178945981
"122",63.295178945981
"123",64.6098351467019
"124",64.4841111024275
"125",64.8672601931827
"126",64.6098351467019
"127",64.3320307090025
"128",64.8672601931827
"129",64.6098351467019
"130",64.6098351467019
"131",64.6098351467019
"132",64.6098351467019
"133",64.6098351467019
"134",64.8672601931827
"135",64.6098351467019
"136",64.6098351467019
"137",64.6098351467019
"138",64.6098351467019
"139",64.3320307090025
"140",64.8672601931827
"141",64.8672601931827
"142",64.3320307090025
"143",64.8672601931827
"144",64.3320307090025
"145",64.8672601931827
"146",64.3320307090025
"147",64.8672601931827
"148",64.6098351467019
"149",64.8672601931827
"150",64.6098351467019
"151",64.8672601931827
"152",64.6098351467019
"153",64.8672601931827
"154",64.6098351467019
"155",64.8672601931827
"156",64.3320307090025
"157",64.8672601931827
"158",64.3320307090025
"159",64.6098351467019
"160",64.6098351467019
"161",64.3320307090025
"162",64.3320307090025
"163",64.8672601931827
"164",64.6098351467019
"165",64.3320307090025
"166",64.8672601931827
"167",66.1876338698644
"168",66.1876338698644
"169",65.9098294321649
"170",65.9098294321649
"171",65.9098294321649
"172",66.1876338698644
"173",66.4450589163452
"174",64.0758492087057
"175",63.9501251644313
"176",63.7980447710063
"177",64.0758492087057
"178",63.7980447710063
"179",64.3332742551865
"180",64.0758492087057
"181",63.7980447710063
"182",64.0758492087057
"183",64.0758492087057
"184",63.7980447710063
"185",64.0758492087057
"186",64.0758492087057
"187",62.9834959052551
"188",64.3332742551865
"189",64.0758492087057
"190",64.0758492087057
"191",64.3332742551865
"192",64.0758492087057
"193",64.0758492087057
"194",63.7980447710063
"195",64.3332742551865
"196",64.0758492087057
"197",60.6206798941197
"198",64.0758492087057
"199",64.3332742551865
"200",64.3332742551865
"201",64.0758492087057
"202",64.3332742551865
"203",64.3332742551865
"204",64.0758492087057
"205",64.0758492087057
"206",64.0758492087057
"207",63.7980447710063
"208",64.0758492087057
"209",63.7980447710063
"210",64.3332742551865
"211",64.0758492087057
"212",64.3332742551865
"213",64.0758492087057
"214",63.7980447710063
"215",64.3332742551865
"216",64.0758492087057
"217",64.0758492087057
"218",63.7980447710063
"219",64.0758492087057
"220",63.7980447710063
"221",63.7980447710063
"222",63.7980447710063
"223",64.3332742551865
"224",61.9928740988752
"225",61.8407937054502
"226",62.1185981431497
"227",61.8407937054502
"228",61.8407937054502
"229",62.1185981431497
"230",62.1185981431497
"231",62.1185981431497
"232",61.8407937054502
"233",61.9928740988752
"234",61.8407937054502
"235",61.8407937054502
"236",67.4753020493778
"237",67.217877002897
"238",67.4753020493778
"239",67.4753020493778
"240",67.217877002897
"241",67.4753020493778
"242",66.9400725651976
"243",66.9400725651976
"244",67.4753020493778
"245",64.332204622616
"246",64.5896296690968
"247",64.332204622616
"248",64.332204622616
"249",64.716999634832
"250",64.9744246813128
"251",63.2725195248624
"252",63.2725195248624
"253",63.5299445713432
"254",63.2725195248624
"255",62.994715087163
"256",61.9442548887365
"257",61.9442548887365
"258",61.9442548887365
"259",62.2016799352173
"260",61.9442548887365
"261",62.2016799352173
"262",61.9442548887365
"263",61.9442548887365
"264",61.1259484797763
"265",61.3833735262571
"266",61.1259484797763
"267",61.1259484797763
"268",61.3833735262571
"269",61.1259484797763
"270",61.3833735262571
"271",61.2176201352475
"272",61.2176201352475
"273",61.2176201352475
"274",60.9398156975481
"275",60.9398156975481
"276",61.4750451817283
"277",61.4750451817283
"278",60.9398156975481
"279",61.2176201352475
"280",60.9398156975481
"281",61.4750451817283
"282",61.2176201352475
"283",60.9398156975481
"284",61.4750451817283
"285",60.9398156975481
"286",61.4750451817283
"287",63.8561739698981
"288",63.8561739698981
"289",63.5783695321986
"290",64.1135990163789
"291",64.9000896736869
"292",64.9000896736869
"293",64.9000896736869
"294",64.9000896736869
"295",65.1575147201677
"296",64.9000896736869
"297",64.9000896736869
"298",65.1575147201677
"299",64.6222852359875
"300",65.1575147201677
"301",65.1575147201677
"302",65.1575147201677
"303",63.5482493257283
"304",63.5482493257283
"305",63.2704448880289
"306",63.5482493257283
"307",63.5482493257283
"308",63.9941441759393
"309",64.2515692224201
"310",63.9941441759393
"311",64.2515692224201
"312",64.2515692224201
"313",64.2515692224201
"314",63.7163397382399
"315",64.2515692224201
"316",63.7163397382399
"317",64.2515692224201
"318",63.9941441759393
"319",62.3469303583629
"320",62.7956578503457
"321",62.5382328038649
"322",63.3900883734753
"323",55.4220084368546
"324",55.4220084368546
"325",55.4220084368546
"326",55.4220084368546
"327",55.1442039991552
"328",55.4220084368546
"329",55.1442039991552
"330",55.4220084368546
"331",55.4220084368546
"332",55.1442039991552
"333",55.1442039991552
"334",55.13224486629
"335",55.4100493039895
"336",55.13224486629
"337",55.4100493039895
"338",55.13224486629
"339",55.13224486629
"340",55.4100493039895
"341",55.4100493039895
"342",55.4100493039895
"343",55.6674743504703
"344",55.4100493039895
"345",56.2461363667534
"346",56.5239408044529
"347",56.2461363667534
"348",53.8587539339511
"349",54.1365583716506
"350",53.0442050682
"351",54.1365583716506
"352",54.1365583716506
"353",53.8587539339511
"354",54.1365583716506
"355",53.8587539339511
"356",54.2563894199904
"357",54.2563894199904
"358",54.2563894199904
"359",52.7198140425307
"360",54.130665375716
"361",55.7746218724595
"362",55.5171968259788
"363",55.2393923882793
"364",55.5171968259788
"365",55.2393923882793
"366",55.5171968259788
"367",55.5171968259788
"368",55.7746218724595
"369",54.7842325665425
"370",54.5268075200617
"371",54.7842325665425
"372",54.7842325665425
"373",54.2490030823623
"374",54.6518053677085
"375",54.6518053677085
"376",54.374000930009
"377",54.6518053677085
"378",54.374000930009
"379",54.6518053677085
"380",54.6518053677085
"381",54.9092304141892
"382",54.6518053677085
"383",54.6518053677085
"384",55.6866921608353
"385",56.7790454642859
"386",57.0364705107667
"387",54.2246214062611
"388",53.9468169685617
"389",56.8966300513794
"390",56.8966300513794
"391",55.3600546739197
"392",54.1820683915628
"393",56.61882561368
"394",56.8966300513794
"395",55.8042767479288
"396",56.61882561368
"397",56.61882561368
"398",56.8966300513794
"399",56.61882561368
"400",56.61882561368
"401",55.2189677758382
"402",54.9411633381387
"403",55.476392822319
"404",55.2189677758382
"405",54.1266144723876
"406",55.2189677758382
"407",55.2189677758382
"408",55.2189677758382
"409",54.9411633381387
"410",55.476392822319
"411",54.9411633381387
"412",55.2189677758382
"413",54.9411633381387
"414",55.476392822319
"415",55.2189677758382
"416",55.476392822319
"417",54.9411633381387
"418",54.9411633381387
"419",55.2189677758382
"420",54.9411633381387
"421",54.9411633381387
"422",55.2189677758382
"423",55.2189677758382
"424",54.9411633381387
"425",54.9411633381387
"426",54.1266144723876
"427",55.2189677758382
"428",55.2189677758382
"429",54.9411633381387
"430",54.9411633381387
"431",56.2558195388597
"432",56.5132445853404
"433",56.5132445853404
"434",56.2558195388597
"435",55.9780151011602
"436",56.5132445853404
"437",56.2558195388597
"438",56.2558195388597
"439",56.2558195388597
"440",56.5132445853404
"441",56.2558195388597
"442",56.2558195388597
"443",56.2558195388597
"444",56.5132445853404
"445",56.5132445853404
"446",55.9780151011602
"447",56.2558195388597
"448",55.9780151011602
"449",56.2558195388597
"450",56.2558195388597
"451",56.2558195388597
"452",56.5132445853404
"453",55.9780151011602
"454",56.5132445853404
"455",57.8336182620221
"456",56.2970428845624
"457",58.0910433085029
"458",58.0910433085029
"459",55.7218336008634
"460",55.7218336008634
"461",55.9792586473442
"462",55.7218336008634
"463",55.9792586473442
"464",55.9792586473442
"465",55.7218336008634
"466",55.7218336008634
"467",55.7218336008634
"468",55.444029163164
"469",55.9792586473442
"470",55.7218336008634
"471",55.7218336008634
"472",55.444029163164
"473",55.444029163164
"474",55.9792586473442
"475",55.7218336008634
"476",55.7218336008634
"477",55.7218336008634
"478",55.444029163164
"479",55.7218336008634
"480",55.7218336008634
"481",55.444029163164
"482",55.7218336008634
"483",55.9792586473442
"484",55.7218336008634
"485",55.444029163164
"486",55.444029163164
"487",55.7218336008634
"488",55.7218336008634
"489",55.7218336008634
"490",55.444029163164
"491",55.444029163164
"492",55.9792586473442
"493",55.9792586473442
"494",53.4867780976079
"495",53.4867780976079
"496",52.6722292318568
"497",53.4867780976079
"498",53.7645825353074
"499",53.4867780976079
"500",52.6722292318568
"501",53.7645825353074
"502",53.4867780976079
"503",59.1212864415356
"504",58.8638613950548
"505",58.5860569573553
"506",55.9781890147737
"507",55.9781890147737
"508",55.9781890147737
"509",55.9781890147737
"510",55.9781890147737
"511",54.8858357113231
"512",54.441613637314
"513",55.7003845770743
"514",56.6204090734705
"515",56.0851795892903
"516",56.6204090734705
"517",56.3629840269897
"518",56.3629840269897
"519",56.0851795892903
"520",56.6204090734705
"521",54.9185039170202
"522",54.9185039170202
"523",54.7927798727457
"524",54.9185039170202
"525",54.9185039170202
"526",54.9185039170202
"527",54.6406994793207
"528",54.9185039170202
"529",53.5902392808942
"530",53.5902392808942
"531",53.5902392808942
"532",52.771932871934
"533",55.4836712364748
"534",53.1210295738861
"535",53.1210295738861
"536",52.5858000897058
"537",52.8636045274053
"538",56.5460740658447
"539",56.2682696281452
"540",56.2682696281452
"541",56.8034991123255
"542",56.5460740658447
"543",56.8034991123255
"544",56.5460740658447
"545",56.5460740658447
"546",56.5460740658447
"547",56.8034991123255
"548",55.1942337178861
"549",55.1942337178861
"550",55.1942337178861
"551",55.1942337178861
"552",55.1942337178861
"553",55.4516587643669
"554",55.1942337178861
"555",55.1942337178861
"556",55.4516587643669
"557",55.640128568097
"558",55.640128568097
"559",55.3623241303976
"560",55.640128568097
"561",55.640128568097
"562",55.640128568097
"563",54.1035531906373
"564",54.5477752646465
"565",55.3623241303976
"566",55.8975536145778
"567",55.3588979066643
"568",55.1014728601835
"569",55.3588979066643
"570",55.1014728601835
"571",55.1014728601835
"572",55.1014728601835
"573",53.5648974827238
"574",54.8236684224841
"575",55.2476379177596
"576",56.6340300247004
"577",56.8914550711812
"578",53.9937065090147
"579",53.9929147505207
"580",53.9929147505207
"581",53.9929147505207
"582",53.9929147505207
"583",54.4416422425035
"584",54.1842171960227
"585",54.1842171960227
"586",54.4416422425035
"587",54.7786477191522
"588",54.7786477191522
"589",55.7848536653198
"590",55.7848536653198
"591",56.0422787118006
"592",65.7197389176999
"593",65.4419344800005
"594",65.7197389176999
"595",65.7197389176999
"596",65.7197389176999
"597",65.7197389176999
"598",65.7077797848348
"599",65.7077797848348
"600",64.1712044073751
"601",64.6154264813842
"602",65.7077797848348
"603",64.6154264813842
"604",65.4299753471353
"605",65.7077797848348
"606",65.7077797848348
"607",64.6154264813842
"608",64.6154264813842
"609",65.7077797848348
"610",64.6154264813842
"611",65.4299753471353
"612",65.7077797848348
"613",65.7077797848348
"614",66.8216712852982
"615",66.5438668475987
"616",66.8216712852982
"617",66.5438668475987
"618",66.8216712852982
"619",66.8216712852982
"620",66.8216712852982
"621",66.8216712852982
"622",66.8216712852982
"623",64.4342888524959
"624",63.3419355490453
"625",64.4342888524959
"626",64.4342888524959
"627",64.4342888524959
"628",64.2763154631363
"629",64.5541199008357
"630",64.5541199008357
"631",64.2763154631363
"632",66.0723523533049
"633",65.8149273068241
"634",65.8149273068241
"635",64.7225740033735
"636",65.8149273068241
"637",65.6892032625496
"638",65.8149273068241
"639",65.0819630473878
"640",64.8245380009071
"641",64.8245380009071
"642",64.9495358485538
"643",63.8571825451032
"644",64.6717314108543
"645",64.9495358485538
"646",63.8571825451032
"647",64.9495358485538
"648",63.8571825451032
"649",63.8571825451032
"650",67.0767759451313
"651",65.9844226416807
"652",66.7989715074318
"653",66.7989715074318
"654",67.0767759451313
"655",66.7989715074318
"656",67.3342009916121
"657",65.9844226416807
"658",63.4299985836558
"659",68.0092063311251
"660",67.1943605322247
"661",67.1943605322247
"662",67.1943605322247
"663",67.1943605322247
"664",64.4797988724081
"665",65.5166982566835
"666",65.3909742124091
"667",65.238893818984
"668",65.7741233031643
"669",65.5166982566835
"670",65.238893818984
"671",65.5166982566835
"672",65.5166982566835
"673",65.5166982566835
"674",65.7741233031643
"675",65.5166982566835
"676",65.5166982566835
"677",65.5166982566835
"678",65.5166982566835
"679",65.5166982566835
"680",65.5166982566835
"681",65.5166982566835
"682",65.5166982566835
"683",65.5166982566835
"684",65.5166982566835
"685",65.5166982566835
"686",65.238893818984
"687",65.5166982566835
"688",65.5166982566835
"689",65.5166982566835
"690",64.4243449532329
"691",66.553550019705
"692",66.553550019705
"693",66.8109750661858
"694",66.553550019705
"695",66.553550019705
"696",66.2757455820055
"697",66.8109750661858
"698",66.553550019705
"699",66.553550019705
"700",66.553550019705
"701",66.4278259754305
"702",66.2757455820055
"703",66.2757455820055
"704",66.553550019705
"705",66.8109750661858
"706",66.553550019705
"707",66.2757455820055
"708",66.553550019705
"709",65.0169746422453
"710",66.8109750661858
"711",66.2757455820055
"712",66.2757455820055
"713",66.8109750661858
"714",66.8109750661858
"715",66.2757455820055
"716",66.8109750661858
"717",66.553550019705
"718",66.2757455820055
"719",66.8109750661858
"720",66.553550019705
"721",66.2757455820055
"722",66.553550019705
"723",66.553550019705
"724",66.553550019705
"725",65.4611967162544
"726",66.2757455820055
"727",66.8109750661858
"728",66.553550019705
"729",66.2757455820055
"730",68.1313487428675
"731",68.1313487428675
"732",68.3887737893482
"733",66.0195640817088
"734",66.0195640817088
"735",66.0195640817088
"736",65.7417596440093
"737",66.2769891281896
"738",66.0195640817088
"739",65.7417596440093
"740",66.0195640817088
"741",66.0195640817088
"742",66.2769891281896
"743",65.7417596440093
"744",66.0195640817088
"745",66.0195640817088
"746",66.2769891281896
"747",66.2769891281896
"748",66.0195640817088
"749",66.2769891281896
"750",66.0195640817088
"751",66.0195640817088
"752",66.0195640817088
"753",65.7417596440093
"754",66.2769891281896
"755",66.0195640817088
"756",65.8938400374343
"757",66.0195640817088
"758",66.0195640817088
"759",65.7417596440093
"760",66.0195640817088
"761",66.2769891281896
"762",66.0195640817088
"763",66.0195640817088
"764",66.2769891281896
"765",66.0195640817088
"766",66.2769891281896
"767",66.0195640817088
"768",66.0195640817088
"769",66.0195640817088
"770",65.7417596440093
"771",66.0195640817088
"772",66.0195640817088
"773",66.0195640817088
"774",65.7417596440093
"775",66.2769891281896
"776",66.2769891281896
"777",64.0623130161527
"778",64.0623130161527
"779",64.0623130161527
"780",64.0623130161527
"781",64.0623130161527
"782",63.7845085784533
"783",62.9699597127021
"784",63.7845085784533
"785",63.7845085784533
"786",64.0623130161527
"787",69.1615918759001
"788",69.4190169223809
"789",69.1615918759001
"790",66.275919495619
"791",66.275919495619
"792",64.7393441181593
"793",66.275919495619
"794",66.660714507835
"795",66.660714507835
"796",66.9181395543158
"797",64.938429960166
"798",64.938429960166
"799",65.2162343978655
"800",65.2162343978655
"801",64.938429960166
"802",65.4736594443463
"803",63.6796590204058
"804",63.8879697617395
"805",64.1453948082203
"806",63.8879697617395
"807",64.1453948082203
"808",63.8879697617395
"809",62.3513943842798
"810",63.0696633527793
"811",63.0696633527793
"812",63.0696633527793
"813",63.0696633527793
"814",63.0696633527793
"815",63.1613350082506
"816",63.1613350082506
"817",63.1613350082506
"818",62.8835305705511
"819",66.0573138893819
"820",66.84380454669
"821",66.84380454669
"822",66.5660001089905
"823",65.4919641987314
"824",66.1952840954231
"825",65.9378590489424
"826",65.9378590489424
"827",65.9378590489424
"828",65.9378590489424
"829",65.9378590489424
"830",65.9378590489424
"831",65.9378590489424
"832",65.9378590489424
"833",65.9378590489424
"834",65.3992033410289
"835",65.3992033410289
"836",65.3992033410289
"837",65.8027934450857
"838",65.5453683986049
"839",64.290645231366
"840",64.481947676868
"841",64.7393727233488
"842",65.0763781999976
"843",65.8047797084657
"844",66.3400091926459
"845",69.5988539315982
"846",61.3011633245321
"847",61.3011633245321
"848",61.0113997539675
"849",61.2892041916669
"850",61.2892041916669
"851",61.0113997539675
"852",61.2892041916669
"853",61.0113997539675
"854",61.2892041916669
"855",61.2892041916669
"856",61.2892041916669
"857",61.0113997539675
"858",61.2892041916669
"859",61.2892041916669
"860",61.2892041916669
"861",61.5466292381477
"862",61.2892041916669
"863",61.0113997539675
"864",61.2892041916669
"865",61.2892041916669
"866",62.1252912544309
"867",62.4030956921303
"868",62.4030956921303
"869",61.3107423886798
"870",62.1252912544309
"871",62.4030956921303
"872",62.4030956921303
"873",62.4030956921303
"874",60.015713259328
"875",60.015713259328
"876",60.015713259328
"877",60.015713259328
"878",59.7379088216286
"879",60.2731383058088
"880",59.7379088216286
"881",60.015713259328
"882",59.7379088216286
"883",60.1355443076679
"884",60.1355443076679
"885",59.8577398699684
"886",60.1355443076679
"887",59.8577398699684
"888",60.1355443076679
"889",59.8577398699684
"890",60.1355443076679
"891",59.8577398699684
"892",61.653776760137
"893",61.3963517136562
"894",61.653776760137
"895",61.3963517136562
"896",61.3963517136562
"897",61.3963517136562
"898",61.653776760137
"899",61.3963517136562
"900",61.2706276693818
"901",61.1185472759568
"902",61.653776760137
"903",61.1185472759568
"904",60.66338745422
"905",60.66338745422
"906",60.4059624077392
"907",60.1281579700398
"908",60.4059624077392
"909",60.5309602553859
"910",60.7883853018667
"911",60.5309602553859
"912",60.5309602553859
"913",60.5309602553859
"914",60.2531558176865
"915",60.5309602553859
"916",60.5309602553859
"917",60.5309602553859
"918",60.5309602553859
"919",60.5309602553859
"920",60.2531558176865
"921",62.380395914264
"922",62.6582003519634
"923",62.6582003519634
"924",62.6582003519634
"925",62.9156253984442
"926",62.6582003519634
"927",61.5658470485128
"928",59.8259718562391
"929",59.8259718562391
"930",59.8259718562391
"931",63.5906307379572
"932",62.4979805013574
"933",62.7757849390569
"934",62.4979805013574
"935",62.4979805013574
"936",62.7757849390569
"937",62.4979805013574
"938",62.4979805013574
"939",62.7757849390569
"940",62.4979805013574
"941",61.0981226635157
"942",60.8203182258162
"943",60.8203182258162
"944",60.8203182258162
"945",61.0981226635157
"946",61.0981226635157
"947",60.8203182258162
"948",60.8203182258162
"949",61.3555477099965
"950",61.0981226635157
"951",61.0981226635157
"952",60.8203182258162
"953",60.8203182258162
"954",61.0981226635157
"955",60.8203182258162
"956",61.3555477099965
"957",61.0981226635157
"958",61.0981226635157
"959",61.0981226635157
"960",61.3555477099965
"961",61.0981226635157
"962",61.3555477099965
"963",60.8203182258162
"964",61.3555477099965
"965",61.0981226635157
"966",60.8203182258162
"967",61.0981226635157
"968",60.8203182258162
"969",60.8203182258162
"970",61.0981226635157
"971",60.8203182258162
"972",61.0981226635157
"973",61.0981226635157
"974",61.0981226635157
"975",60.8203182258162
"976",61.3555477099965
"977",61.0981226635157
"978",61.0981226635157
"979",60.8203182258162
"980",60.8203182258162
"981",60.8203182258162
"982",61.0981226635157
"983",60.8203182258162
"984",60.8203182258162
"985",60.8203182258162
"986",62.1349744265371
"987",61.8571699888377
"988",62.3923994730179
"989",62.1349744265371
"990",62.3923994730179
"991",62.1349744265371
"992",62.1349744265371
"993",62.1349744265371
"994",61.8571699888377
"995",62.1349744265371
"996",62.1349744265371
"997",61.8571699888377
"998",62.3923994730179
"999",62.3923994730179
"1000",61.8571699888377
"1001",62.3923994730179
"1002",61.8571699888377
"1003",62.3923994730179
"1004",62.1349744265371
"1005",62.1349744265371
"1006",62.1349744265371
"1007",61.8571699888377
"1008",62.1349744265371
"1009",61.8571699888377
"1010",62.3923994730179
"1011",62.1349744265371
"1012",61.8571699888377
"1013",62.3923994730179
"1014",62.3923994730179
"1015",62.3923994730179
"1016",62.1349744265371
"1017",62.3923994730179
"1018",61.8571699888377
"1019",62.3923994730179
"1020",62.3923994730179
"1021",62.1349744265371
"1022",61.8571699888377
"1023",62.3923994730179
"1024",62.1349744265371
"1025",62.3923994730179
"1026",62.1349744265371
"1027",62.3923994730179
"1028",62.3923994730179
"1029",62.3923994730179
"1030",62.1349744265371
"1031",62.3923994730179
"1032",62.1349744265371
"1033",61.8571699888377
"1034",62.3923994730179
"1035",62.3923994730179
"1036",62.3923994730179
"1037",62.1349744265371
"1038",62.1349744265371
"1039",61.8571699888377
"1040",62.3923994730179
"1041",62.1349744265371
"1042",62.3923994730179
"1043",63.7127731496996
"1044",63.4349687120002
"1045",63.9701981961804
"1046",63.7127731496996
"1047",63.9701981961804
"1048",61.6009884885409
"1049",61.4752644442665
"1050",61.6009884885409
"1051",61.6009884885409
"1052",61.3231840508415
"1053",61.6009884885409
"1054",61.6009884885409
"1055",61.8584135350217
"1056",61.6009884885409
"1057",61.6009884885409
"1058",61.3231840508415
"1059",61.6009884885409
"1060",61.6009884885409
"1061",61.8584135350217
"1062",61.6009884885409
"1063",61.8584135350217
"1064",61.6009884885409
"1065",60.5086351850903
"1066",61.3231840508415
"1067",61.8584135350217
"1068",61.6009884885409
"1069",61.3231840508415
"1070",61.8584135350217
"1071",61.6009884885409
"1072",61.3231840508415
"1073",60.0644131110812
"1074",61.3231840508415
"1075",61.6009884885409
"1076",61.6009884885409
"1077",61.3231840508415
"1078",61.3231840508415
"1079",61.8584135350217
"1080",61.6009884885409
"1081",61.6009884885409
"1082",61.3231840508415
"1083",61.6009884885409
"1084",61.6009884885409
"1085",61.3231840508415
"1086",61.8584135350217
"1087",61.6009884885409
"1088",61.8584135350217
"1089",61.6009884885409
"1090",64.3127268530818
"1091",61.6009884885409
"1092",61.3231840508415
"1093",61.6009884885409
"1094",61.6009884885409
"1095",61.6009884885409
"1096",61.3231840508415
"1097",61.8584135350217
"1098",61.6009884885409
"1099",61.3231840508415
"1100",61.8584135350217
"1101",61.8584135350217
"1102",61.8584135350217
"1103",61.6009884885409
"1104",61.3231840508415
"1105",61.3231840508415
"1106",61.4752644442665
"1107",61.6009884885409
"1108",60.5086351850903
"1109",61.3231840508415
"1110",61.3231840508415
"1111",61.8584135350217
"1112",59.6437374229849
"1113",59.3659329852854
"1114",59.6437374229849
"1115",59.6437374229849
"1116",59.3659329852854
"1117",59.3659329852854
"1118",59.3659329852854
"1119",59.6437374229849
"1120",59.3659329852854
"1121",59.6437374229849
"1122",59.3659329852854
"1123",59.6437374229849
"1124",59.3659329852854
"1125",59.3659329852854
"1126",64.7430162827322
"1127",65.000441329213
"1128",65.000441329213
"1129",64.7430162827322
"1130",65.000441329213
"1131",64.7430162827322
"1132",64.4652118450328
"1133",65.000441329213
"1134",61.8573439024512
"1135",62.114768948932
"1136",61.8573439024512
"1137",62.114768948932
"1138",61.8573439024512
"1139",62.499563961148
"1140",61.9643344769677
"1141",60.7976588046976
"1142",60.7976588046976
"1143",60.7976588046976
"1144",60.7976588046976
"1145",60.7976588046976
"1146",60.7976588046976
"1147",61.0550838511784
"1148",60.7976588046976
"1149",61.0550838511784
"1150",60.7976588046976
"1151",61.0550838511784
"1152",59.4693941685717
"1153",59.3436701242973
"1154",59.4693941685717
"1155",59.7268192150525
"1156",59.4693941685717
"1157",59.4693941685717
"1158",59.7268192150525
"1159",59.4693941685717
"1160",59.4693941685717
"1161",59.1915897308722
"1162",58.6510877596115
"1163",58.9085128060923
"1164",58.373283321912
"1165",58.6510877596115
"1166",57.5587344561609
"1167",58.9085128060923
"1168",58.6510877596115
"1169",58.6510877596115
"1170",58.6510877596115
"1171",58.9085128060923
"1172",59.0001844615635
"1173",58.7427594150827
"1174",58.7427594150827
"1175",58.4649549773833
"1176",58.4649549773833
"1177",58.7427594150827
"1178",58.4649549773833
"1179",59.0001844615635
"1180",58.7427594150827
"1181",58.4649549773833
"1182",61.1035088120339
"1183",61.3813132497333
"1184",61.1035088120339
"1185",62.4252289535221
"1186",62.6826540000029
"1187",62.4252289535221
"1188",62.4252289535221
"1189",62.6826540000029
"1190",62.4252289535221
"1191",62.6826540000029
"1192",62.1474245158227
"1193",62.6826540000029
"1194",62.4252289535221
"1195",62.6826540000029
"1196",62.6826540000029
"1197",61.0733886055635
"1198",61.0733886055635
"1199",61.0733886055635
"1200",60.7955841678641
"1201",61.0733886055635
"1202",61.3308136520443
"1203",61.0733886055635
"1204",61.7767085022553
"1205",61.5192834557745
"1206",61.5192834557745
"1207",61.2414790180751
"1208",61.5192834557745
"1209",61.5192834557745
"1210",60.4269301523239
"1211",61.5192834557745
"1212",61.5192834557745
"1213",61.7767085022553
"1214",61.5192834557745
"1215",61.5192834557745
"1216",61.7767085022553
"1217",61.5192834557745
"1218",61.2414790180751
"1219",61.2380527943418
"1220",60.980627747861
"1221",60.980627747861
"1222",60.980627747861
"1223",60.980627747861
"1224",60.980627747861
"1225",59.5942652004987
"1226",60.1294946846789
"1227",60.0633720837002
"1228",60.0633720837002
"1229",60.3207971301809
"1230",60.0633720837002
"1231",60.3799981691303
"1232",60.9152276533105
"1233",61.6640085529973
"1234",61.6640085529973
"1235",61.3862041152978
"1236",61.9214335994781
"1237",52.9471477166898
"1238",52.9471477166898
"1239",52.9471477166898
"1240",52.9351885838247
"1241",52.9351885838247
"1242",51.8428352803741
"1243",52.6573841461252
"1244",53.1926136303055
"1245",52.9351885838247
"1246",51.8428352803741
"1247",52.6573841461252
"1248",52.6573841461252
"1249",52.9351885838247
"1250",52.6573841461252
"1251",52.6573841461252
"1252",52.9351885838247
"1253",52.6573841461252
"1254",54.0490800842881
"1255",54.0490800842881
"1256",51.6616976514858
"1257",51.6616976514858
"1258",51.3838932137863
"1259",51.3838932137863
"1260",50.5693443480352
"1261",51.3838932137863
"1262",51.6616976514858
"1263",51.3838932137863
"1264",51.9191226979666
"1265",50.1251222740261
"1266",51.3838932137863
"1267",51.3838932137863
"1268",52.0389537463064
"1269",51.7815286998256
"1270",51.5037242621262
"1271",51.7815286998256
"1272",50.2449533223659
"1273",53.042336105814
"1274",51.9499828023634
"1275",51.9499828023634
"1276",52.7645316681145
"1277",52.0519467998969
"1278",52.0519467998969
"1279",52.3093718463777
"1280",52.0519467998969
"1281",52.1769446475437
"1282",51.8991402098442
"1283",52.1769446475437
"1284",51.8991402098442
"1285",51.8991402098442
"1286",49.462382987727
"1287",51.0845913440931
"1288",52.4343696940245
"1289",54.0263803064217
"1290",54.3041847441212
"1291",51.7497606860963
"1292",54.4217693312146
"1293",54.4217693312146
"1294",54.2960452869402
"1295",54.1439648935152
"1296",54.6791943776954
"1297",54.1439648935152
"1298",54.1439648935152
"1299",52.618383011399
"1300",53.0015321021542
"1301",52.7441070556734
"1302",52.4663026179739
"1303",52.618383011399
"1304",52.4663026179739
"1305",52.7441070556734
"1306",52.618383011399
"1307",52.618383011399
"1308",52.4663026179739
"1309",52.4663026179739
"1310",52.618383011399
"1311",52.7441070556734
"1312",52.4663026179739
"1313",52.4663026179739
"1314",52.618383011399
"1315",53.7809588186949
"1316",54.0383838651756
"1317",53.7809588186949
"1318",54.0383838651756
"1319",53.7809588186949
"1320",53.5031543809954
"1321",54.0383838651756
"1322",53.7809588186949
"1323",54.0383838651756
"1324",54.0383838651756
"1325",52.2443834412352
"1326",54.0383838651756
"1327",53.5031543809954
"1328",53.7809588186949
"1329",53.5031543809954
"1330",54.0383838651756
"1331",53.6552347744204
"1332",53.5031543809954
"1333",53.7809588186949
"1334",53.7809588186949
"1335",54.0383838651756
"1336",54.0383838651756
"1337",54.0383838651756
"1338",53.7809588186949
"1339",53.5031543809954
"1340",55.6161825883381
"1341",55.3587575418574
"1342",53.2469728806987
"1343",52.9691684429992
"1344",52.9691684429992
"1345",53.2469728806987
"1346",52.9691684429992
"1347",53.2469728806987
"1348",52.1546195772481
"1349",53.2469728806987
"1350",52.1546195772481
"1351",53.5043979271794
"1352",53.2469728806987
"1353",52.9691684429992
"1354",53.2469728806987
"1355",53.2469728806987
"1356",52.9691684429992
"1357",53.2469728806987
"1358",52.9691684429992
"1359",53.2469728806987
"1360",52.9691684429992
"1361",52.9691684429992
"1362",53.5043979271794
"1363",53.2469728806987
"1364",53.2469728806987
"1365",53.2469728806987
"1366",53.2469728806987
"1367",52.9691684429992
"1368",53.5043979271794
"1369",53.2469728806987
"1370",53.2469728806987
"1371",52.9691684429992
"1372",53.2469728806987
"1373",52.9691684429992
"1374",52.9691684429992
"1375",52.9691684429992
"1376",53.5043979271794
"1377",53.2469728806987
"1378",51.0119173774432
"1379",51.0119173774432
"1380",50.197368511692
"1381",51.2897218151426
"1382",51.1639977708682
"1383",50.197368511692
"1384",51.0119173774432
"1385",50.197368511692
"1386",51.0119173774432
"1387",56.38900067489
"1388",56.1111962371905
"1389",56.1111962371905
"1390",53.5033282946089
"1391",53.2255238569095
"1392",53.7607533410897
"1393",54.1455483533057
"1394",52.4436431968554
"1395",52.4436431968554
"1396",52.7010682433362
"1397",51.1153785607294
"1398",51.1153785607294
"1399",50.55449719825
"1400",50.55449719825
"1401",49.2047188483186
"1402",50.0192677140697
"1403",50.110939369541
"1404",50.3887438072405
"1405",50.110939369541
"1406",50.110939369541
"1407",50.110939369541
"1408",53.0272976418911
"1409",53.0272976418911
"1410",53.9454893014054
"1411",51.1827976202616
"1412",52.7193729977213
"1413",52.7193729977213
"1414",53.1652678479323
"1415",53.1652678479323
"1416",53.1652678479323
"1417",53.422692894413
"1418",52.8874634102328
"1419",53.1652678479323
"1420",52.8874634102328
"1421",53.1652678479323
"1422",52.8874634102328
"1423",53.1652678479323
"1424",52.6266121400187
"1425",52.8840371864995
"1426",52.8840371864995
"1427",52.6266121400187
"1428",51.5180540303559
"1429",51.5180540303559
"1430",51.7093564758579
"1431",51.9667815223387
"1432",51.7093564758579
"1433",52.025982561288
"1434",52.5612120454682
"1435",53.309992945155
"1436",63.8051521555604
"1437",62.7127988521098
"1438",63.5153885849958
"1439",63.6021114945439
"1440",63.3243070568445
"1441",63.0126240161186
"1442",63.8271728818697
"1443",64.1049773195692
"1444",64.1049773195692
"1445",61.1550765906397
"1446",58.7885228385266
"1447",58.7885228385266
"1448",58.7885228385266
"1449",58.7885228385266
"1450",58.7885228385266
"1451",59.0459478850074
"1452",58.7885228385266
"1453",58.7885228385266
"1454",58.7885228385266
"1455",58.7885228385266
"1456",58.7885228385266
"1457",58.7885228385266
"1458",58.7885228385266
"1459",58.7885228385266
"1460",58.7885228385266
"1461",58.7885228385266
"1462",58.7765637056614
"1463",58.7765637056614
"1464",58.7765637056614
"1465",58.7765637056614
"1466",58.7765637056614
"1467",58.7765637056614
"1468",58.7765637056614
"1469",58.7765637056614
"1470",58.7765637056614
"1471",58.7765637056614
"1472",58.7765637056614
"1473",58.7765637056614
"1474",58.498759267962
"1475",58.7765637056614
"1476",58.7765637056614
"1477",58.7765637056614
"1478",58.7765637056614
"1479",58.7765637056614
"1480",58.7765637056614
"1481",58.7765637056614
"1482",58.7765637056614
"1483",59.8904552061249
"1484",59.8904552061249
"1485",59.8904552061249
"1486",59.8904552061249
"1487",59.8904552061249
"1488",59.8904552061249
"1489",59.8904552061249
"1490",59.8904552061249
"1491",59.8904552061249
"1492",59.8904552061249
"1493",57.5030727733225
"1494",57.2252683356231
"1495",57.7604978198033
"1496",57.5030727733225
"1497",57.5030727733225
"1498",57.2252683356231
"1499",57.5030727733225
"1500",57.5030727733225
"1501",57.2252683356231
"1502",57.5030727733225
"1503",57.2252683356231
"1504",57.5030727733225
"1505",57.5030727733225
"1506",57.5030727733225
"1507",57.7604978198033
"1508",57.6229038216624
"1509",57.6229038216624
"1510",57.6229038216624
"1511",57.6229038216624
"1512",57.6229038216624
"1513",58.8837112276507
"1514",58.8837112276507
"1515",58.8837112276507
"1516",59.1411362741315
"1517",58.8837112276507
"1518",58.8837112276507
"1519",58.8837112276507
"1520",58.8837112276507
"1521",58.8837112276507
"1522",58.8837112276507
"1523",57.8933219217337
"1524",57.8933219217337
"1525",57.6155174840343
"1526",57.6155174840343
"1527",58.0183197693804
"1528",58.0183197693804
"1529",58.2757448158612
"1530",58.0183197693804
"1531",58.0183197693804
"1532",58.0183197693804
"1533",57.740515331681
"1534",58.0183197693804
"1535",58.0183197693804
"1536",57.740515331681
"1537",58.0183197693804
"1538",58.0183197693804
"1539",57.5911358079331
"1540",57.5911358079331
"1541",57.3133313702336
"1542",57.5911358079331
"1543",61.0779902519517
"1544",60.2631444530514
"1545",60.2631444530514
"1546",60.2631444530514
"1547",60.2631444530514
"1548",58.5854821775102
"1549",58.5854821775102
"1550",58.5854821775102
"1551",58.5854821775102
"1552",58.5854821775102
"1553",58.5854821775102
"1554",58.5854821775102
"1555",58.3076777398107
"1556",58.5854821775102
"1557",58.5854821775102
"1558",58.5854821775102
"1559",58.5854821775102
"1560",58.5854821775102
"1561",58.3076777398107
"1562",58.5854821775102
"1563",57.0489068000505
"1564",58.3076777398107
"1565",58.5854821775102
"1566",58.5854821775102
"1567",58.5854821775102
"1568",58.5854821775102
"1569",58.5854821775102
"1570",59.6223339405316
"1571",59.6223339405316
"1572",59.6223339405316
"1573",59.6223339405316
"1574",59.3445295028322
"1575",59.8797589870124
"1576",59.6223339405316
"1577",59.6223339405316
"1578",59.6223339405316
"1579",59.6223339405316
"1580",59.6223339405316
"1581",59.6223339405316
"1582",59.8797589870124
"1583",59.6223339405316
"1584",59.3445295028322
"1585",59.6223339405316
"1586",59.3445295028322
"1587",59.6223339405316
"1588",59.6223339405316
"1589",59.8797589870124
"1590",59.6223339405316
"1591",59.3445295028322
"1592",59.6223339405316
"1593",59.8797589870124
"1594",59.6223339405316
"1595",59.6223339405316
"1596",59.8797589870124
"1597",59.6223339405316
"1598",59.6223339405316
"1599",59.6223339405316
"1600",59.8797589870124
"1601",59.6223339405316
"1602",59.6223339405316
"1603",59.6223339405316
"1604",59.8797589870124
"1605",59.6223339405316
"1606",59.6223339405316
"1607",59.6223339405316
"1608",59.8797589870124
"1609",59.6223339405316
"1610",59.8797589870124
"1611",61.2001326636941
"1612",61.2001326636941
"1613",61.2001326636941
"1614",61.2001326636941
"1615",59.0883480025354
"1616",59.0883480025354
"1617",59.0883480025354
"1618",59.0883480025354
"1619",59.0883480025354
"1620",58.810543564836
"1621",59.3457730490162
"1622",59.0883480025354
"1623",59.3457730490162
"1624",59.0883480025354
"1625",59.0883480025354
"1626",59.0883480025354
"1627",59.0883480025354
"1628",59.0883480025354
"1629",59.0883480025354
"1630",59.0883480025354
"1631",58.810543564836
"1632",59.0883480025354
"1633",59.0883480025354
"1634",58.810543564836
"1635",59.0883480025354
"1636",59.0883480025354
"1637",58.810543564836
"1638",59.0883480025354
"1639",59.0883480025354
"1640",59.0883480025354
"1641",59.0883480025354
"1642",59.0883480025354
"1643",59.0883480025354
"1644",59.0883480025354
"1645",58.810543564836
"1646",59.0883480025354
"1647",59.0883480025354
"1648",59.0883480025354
"1649",59.0883480025354
"1650",57.1310969369794
"1651",56.8532924992799
"1652",57.1310969369794
"1653",56.8532924992799
"1654",57.1310969369794
"1655",62.2303757967267
"1656",62.2303757967267
"1657",62.2303757967267
"1658",62.2303757967267
"1659",59.3447034164457
"1660",59.3447034164457
"1661",59.3447034164457
"1662",59.3447034164457
"1663",59.3447034164457
"1664",59.3447034164457
"1665",59.3447034164457
"1666",59.7294984286617
"1667",59.7294984286617
"1668",59.4516939909622
"1669",58.2850183186921
"1670",58.2850183186921
"1671",58.2850183186921
"1672",58.2850183186921
"1673",58.2850183186921
"1674",58.2850183186921
"1675",58.2850183186921
"1676",56.9567536825662
"1677",56.9567536825662
"1678",56.9567536825662
"1679",56.9567536825662
"1680",56.9567536825662
"1681",56.138447273606
"1682",56.138447273606
"1683",56.138447273606
"1684",56.2301189290772
"1685",56.2301189290772
"1686",56.2301189290772
"1687",56.2301189290772
"1688",56.2301189290772
"1689",58.8686727637278
"1690",59.9125884675166
"1691",60.1700135139974
"1692",60.1700135139974
"1693",59.9125884675166
"1694",60.1700135139974
"1695",58.560748119558
"1696",58.560748119558
"1697",58.560748119558
"1698",58.560748119558
"1699",58.2829436818586
"1700",58.560748119558
"1701",59.006642969769
"1702",59.2640680162498
"1703",59.006642969769
"1704",59.006642969769
"1705",59.006642969769
"1706",59.006642969769
"1707",59.006642969769
"1708",59.006642969769
"1709",58.7288385320696
"1710",59.2640680162498
"1711",59.006642969769
"1712",59.006642969769
"1713",59.006642969769
"1714",58.4679872618555
"1715",58.7254123083363
"1716",58.4679872618555
"1717",58.4679872618555
"1718",58.4679872618555
"1719",58.6141523194316
"1720",58.6141523194316
"1721",60.0005444263724
"1722",57.3594291521926
"1723",57.5507315976947
"1724",57.5507315976947
"1725",57.5507315976947
"1726",58.1451621208242
"1727",58.1451621208242
"1728",59.1513680669918
"1729",59.1513680669918
"1730",59.1513680669918
"1731",58.6757952886176
"1732",58.4183702421368
"1733",58.4183702421368
"1734",58.4183702421368
"1735",58.4183702421368
"1736",58.4183702421368
"1737",58.1405658044373
"1738",58.4183702421368
"1739",58.4183702421368
"1740",58.4183702421368
"1741",58.1405658044373
"1742",58.6757952886176
"1743",58.4183702421368
"1744",58.4183702421368
"1745",58.4183702421368
"1746",58.6757952886176
"1747",58.4183702421368
"1748",58.1405658044373
"1749",58.4183702421368
"1750",58.4183702421368
"1751",58.4183702421368
"1752",56.8817948646771
"1753",58.4183702421368
"1754",58.4183702421368
"1755",58.1405658044373
"1756",58.4183702421368
"1757",58.4183702421368
"1758",58.4183702421368
"1759",58.1405658044373
"1760",58.4064111092716
"1761",58.4064111092716
"1762",58.4064111092716
"1763",58.4064111092716
"1764",58.4064111092716
"1765",58.4064111092716
"1766",58.4064111092716
"1767",58.4064111092716
"1768",58.4064111092716
"1769",58.4064111092716
"1770",59.520302609735
"1771",59.520302609735
"1772",59.520302609735
"1773",57.1329201769327
"1774",57.1329201769327
"1775",57.1329201769327
"1776",57.2527512252725
"1777",57.2527512252725
"1778",57.2527512252725
"1779",57.2527512252725
"1780",57.5101762717533
"1781",58.5135586312609
"1782",58.5135586312609
"1783",58.5135586312609
"1784",57.5231693253439
"1785",57.2453648876444
"1786",57.5231693253439
"1787",57.6481671729906
"1788",57.6481671729906
"1789",59.4976028318686
"1790",59.7754072695681
"1791",59.7754072695681
"1792",59.7754072695681
"1793",57.2209832115432
"1794",57.2209832115432
"1795",59.8929918566616
"1796",60.7078376555619
"1797",59.8929918566616
"1798",59.8929918566616
"1799",59.6151874189621
"1800",60.7078376555619
"1801",59.8929918566616
"1802",59.8929918566616
"1803",59.8929918566616
"1804",59.6151874189621
"1805",59.8929918566616
"1806",59.8929918566616
"1807",59.6151874189621
"1808",59.8929918566616
"1809",59.8929918566616
"1810",59.8929918566616
"1811",58.2153295811203
"1812",58.2153295811203
"1813",58.2153295811203
"1814",58.2153295811203
"1815",58.4727546276011
"1816",58.2153295811203
"1817",58.2153295811203
"1818",58.2153295811203
"1819",58.2153295811203
"1820",57.9375251434209
"1821",58.2153295811203
"1822",58.0896055368459
"1823",58.2153295811203
"1824",58.2153295811203
"1825",59.2521813441418
"1826",59.2521813441418
"1827",59.2521813441418
"1828",59.2521813441418
"1829",59.2521813441418
"1830",58.9743769064423
"1831",59.2521813441418
"1832",59.2521813441418
"1833",59.2521813441418
"1834",59.2521813441418
"1835",59.2521813441418
"1836",59.2521813441418
"1837",59.2521813441418
"1838",59.2521813441418
"1839",59.2521813441418
"1840",58.9743769064423
"1841",59.5096063906226
"1842",59.2521813441418
"1843",59.5096063906226
"1844",60.8299800673043
"1845",61.0874051137851
"1846",60.8299800673043
"1847",60.8299800673043
"1848",58.7181954061456
"1849",58.7181954061456
"1850",58.7181954061456
"1851",58.7181954061456
"1852",58.4403909684461
"1853",58.7181954061456
"1854",58.7181954061456
"1855",58.7181954061456
"1856",58.7181954061456
"1857",58.7181954061456
"1858",58.7181954061456
"1859",58.7181954061456
"1860",58.7181954061456
"1861",58.7181954061456
"1862",58.4403909684461
"1863",58.9756204526264
"1864",58.7181954061456
"1865",58.7181954061456
"1866",58.7181954061456
"1867",58.7181954061456
"1868",58.7181954061456
"1869",56.7609443405895
"1870",56.7609443405895
"1871",56.7609443405895
"1872",61.8602232003369
"1873",61.8602232003369
"1874",61.8602232003369
"1875",64.5719615648777
"1876",61.8602232003369
"1877",61.8602232003369
"1878",61.8602232003369
"1879",58.9745508200558
"1880",58.9745508200558
"1881",59.3593458322719
"1882",57.9148657223023
"1883",58.1722907687831
"1884",57.9148657223023
"1885",57.9148657223023
"1886",57.9148657223023
"1887",57.6370612846028
"1888",56.5866010861764
"1889",56.5866010861764
"1890",56.5866010861764
"1891",56.5866010861764
"1892",56.5866010861764
"1893",56.5866010861764
"1894",56.5866010861764
"1895",55.7682946772161
"1896",55.7682946772161
"1897",55.7682946772161
"1898",55.7682946772161
"1899",55.7682946772161
"1900",55.7682946772161
"1901",55.7682946772161
"1902",55.8599663326874
"1903",55.8599663326874
"1904",55.5821618949879
"1905",55.8599663326874
"1906",55.8599663326874
"1907",55.8599663326874
"1908",55.8599663326874
"1909",55.5821618949879
"1910",55.8599663326874
"1911",55.8599663326874
"1912",58.498520167338
"1913",58.498520167338
"1914",58.2207157296385
"1915",58.498520167338
"1916",59.5424358711268
"1917",59.5424358711268
"1918",59.5424358711268
"1919",59.5424358711268
"1920",59.5424358711268
"1921",58.1905955231682
"1922",58.1905955231682
"1923",58.1905955231682
"1924",58.1905955231682
"1925",58.6364903733792
"1926",58.6364903733792
"1927",58.6364903733792
"1928",58.6364903733792
"1929",58.6364903733792
"1930",58.6364903733792
"1931",58.6364903733792
"1932",58.6364903733792
"1933",58.6364903733792
"1934",58.6364903733792
"1935",58.0978346654657
"1936",58.0978346654657
"1937",58.0978346654657
"1938",57.8200302277662
"1939",58.2439997230417
"1940",59.6303918299825
"1941",59.6303918299825
"1942",59.6303918299825
"1943",57.1805790013048
"1944",57.1805790013048
"1945",57.1805790013048
"1946",57.1805790013048
"1947",57.7750095244344
"1948",59.3746174295274
"1949",59.3746174295274
"1950",59.3746174295274
"1951",59.3746174295274
"1952",59.3746174295274
"1953",59.3746174295274
"1954",59.3746174295274
"1955",59.0968129918279
"1956",59.3746174295274
"1957",59.3746174295274
"1958",59.0968129918279
"1959",59.3746174295274
"1960",59.0968129918279
"1961",59.3746174295274
"1962",59.0968129918279
"1963",59.3746174295274
"1964",59.0968129918279
"1965",59.3746174295274
"1966",59.0968129918279
"1967",59.3746174295274
"1968",59.0968129918279
"1969",59.3746174295274
"1970",59.0968129918279
"1971",59.3746174295274
"1972",59.3746174295274
"1973",59.3746174295274
"1974",59.0968129918279
"1975",59.3746174295274
"1976",59.3746174295274
"1977",59.3746174295274
"1978",59.0968129918279
"1979",59.6320424760082
"1980",59.0968129918279
"1981",59.3746174295274
"1982",58.2822641260768
"1983",59.0968129918279
"1984",59.0968129918279
"1985",59.3746174295274
"1986",59.3746174295274
"1987",59.0968129918279
"1988",60.4885089299908
"1989",60.7459339764716
"1990",60.4885089299908
"1991",60.4885089299908
"1992",60.4885089299908
"1993",60.7459339764716
"1994",60.4885089299908
"1995",60.4885089299908
"1996",60.2107044922913
"1997",60.4885089299908
"1998",60.4885089299908
"1999",60.4885089299908
"2000",60.2107044922913
"2001",60.4885089299908
"2002",60.4885089299908
"2003",60.2107044922913
"2004",60.4885089299908
"2005",60.4885089299908
"2006",60.4885089299908
"2007",60.2107044922913
"2008",60.4885089299908
"2009",58.1011264971885
"2010",58.1011264971885
"2011",58.1011264971885
"2012",57.823322059489
"2013",58.1011264971885
"2014",57.823322059489
"2015",57.823322059489
"2016",58.1011264971885
"2017",57.823322059489
"2018",58.1011264971885
"2019",57.823322059489
"2020",57.823322059489
"2021",58.3585515436693
"2022",57.823322059489
"2023",57.823322059489
"2024",58.3585515436693
"2025",58.1011264971885
"2026",58.1011264971885
"2027",57.823322059489
"2028",58.2209575455283
"2029",58.2209575455283
"2030",58.4783825920091
"2031",58.2209575455283
"2032",58.2209575455283
"2033",58.2209575455283
"2034",58.2209575455283
"2035",57.9431531078289
"2036",58.4783825920091
"2037",58.2209575455283
"2038",58.2209575455283
"2039",57.9431531078289
"2040",58.4783825920091
"2041",58.2209575455283
"2042",58.4783825920091
"2043",58.2209575455283
"2044",57.9431531078289
"2045",58.4783825920091
"2046",58.2209575455283
"2047",57.9431531078289
"2048",58.2209575455283
"2049",58.4783825920091
"2050",59.7391899979975
"2051",59.4817649515167
"2052",59.7391899979975
"2053",59.4817649515167
"2054",59.2039605138172
"2055",59.7391899979975
"2056",59.4817649515167
"2057",59.4817649515167
"2058",59.7391899979975
"2059",59.4817649515167
"2060",59.2039605138172
"2061",59.2039605138172
"2062",59.4817649515167
"2063",59.4817649515167
"2064",59.7391899979975
"2065",59.2039605138172
"2066",59.4817649515167
"2067",59.4817649515167
"2068",59.4817649515167
"2069",59.4817649515167
"2070",59.7391899979975
"2071",59.4817649515167
"2072",59.2039605138172
"2073",59.4817649515167
"2074",59.7391899979975
"2075",59.4817649515167
"2076",59.4817649515167
"2077",59.7391899979975
"2078",59.7391899979975
"2079",58.2135712079002
"2080",58.7488006920805
"2081",58.4913756455996
"2082",58.4913756455996
"2083",58.4913756455996
"2084",58.4913756455996
"2085",58.4913756455996
"2086",58.4913756455996
"2087",58.2135712079002
"2088",58.4913756455996
"2089",58.2135712079002
"2090",58.6163734932464
"2091",58.6163734932464
"2092",58.8737985397272
"2093",58.6163734932464
"2094",58.3385690555469
"2095",58.6163734932464
"2096",58.6163734932464
"2097",58.3385690555469
"2098",58.8737985397272
"2099",58.6163734932464
"2100",58.8737985397272
"2101",58.6163734932464
"2102",58.6163734932464
"2103",58.3385690555469
"2104",58.6163734932464
"2105",58.6163734932464
"2106",58.6163734932464
"2107",58.3385690555469
"2108",58.6163734932464
"2109",58.6163734932464
"2110",58.6163734932464
"2111",58.3385690555469
"2112",58.6163734932464
"2113",60.7436135898239
"2114",60.4658091521244
"2115",61.0010386363047
"2116",60.7436135898239
"2117",60.7436135898239
"2118",61.0010386363047
"2119",60.7436135898239
"2120",60.4658091521244
"2121",61.0010386363047
"2122",58.189189531799
"2123",57.9113850940996
"2124",58.189189531799
"2125",58.189189531799
"2126",58.189189531799
"2127",58.189189531799
"2128",58.189189531799
"2129",57.9113850940996
"2130",58.189189531799
"2131",61.6760439758177
"2132",60.8611981769173
"2133",60.5833937392179
"2134",60.5833937392179
"2135",60.8611981769173
"2136",60.8611981769173
"2137",59.7688448734667
"2138",60.5833937392179
"2139",60.5833937392179
"2140",60.8611981769173
"2141",60.8611981769173
"2142",60.5833937392179
"2143",60.5833937392179
"2144",60.8611981769173
"2145",60.8611981769173
"2146",60.8611981769173
"2147",60.8611981769173
"2148",59.1835359013761
"2149",58.9057314636766
"2150",58.9057314636766
"2151",58.9057314636766
"2152",58.9057314636766
"2153",59.4409609478569
"2154",59.1835359013761
"2155",58.9057314636766
"2156",58.9057314636766
"2157",59.4409609478569
"2158",59.1835359013761
"2159",58.9057314636766
"2160",59.1835359013761
"2161",58.9057314636766
"2162",58.9057314636766
"2163",59.1835359013761
"2164",59.1835359013761
"2165",58.9057314636766
"2166",59.4409609478569
"2167",59.1835359013761
"2168",58.9057314636766
"2169",58.9057314636766
"2170",58.9057314636766
"2171",59.1835359013761
"2172",59.4409609478569
"2173",59.1835359013761
"2174",58.9057314636766
"2175",59.4409609478569
"2176",59.1835359013761
"2177",59.4409609478569
"2178",59.1835359013761
"2179",58.9057314636766
"2180",59.4409609478569
"2181",59.1835359013761
"2182",59.4409609478569
"2183",59.1835359013761
"2184",58.9057314636766
"2185",59.1835359013761
"2186",58.9057314636766
"2187",59.1835359013761
"2188",58.9057314636766
"2189",58.9057314636766
"2190",59.1835359013761
"2191",59.1835359013761
"2192",59.1835359013761
"2193",58.9057314636766
"2194",58.9057314636766
"2195",59.1835359013761
"2196",59.1835359013761
"2197",58.9057314636766
"2198",58.9057314636766
"2199",59.1835359013761
"2200",59.1835359013761
"2201",58.9057314636766
"2202",59.1835359013761
"2203",58.9057314636766
"2204",59.4409609478569
"2205",59.1835359013761
"2206",58.9057314636766
"2207",59.4409609478569
"2208",59.1835359013761
"2209",59.0578118571017
"2210",58.9057314636766
"2211",58.9057314636766
"2212",59.1835359013761
"2213",58.9057314636766
"2214",58.9057314636766
"2215",59.4409609478569
"2216",59.1835359013761
"2217",58.9057314636766
"2218",58.9057314636766
"2219",59.1835359013761
"2220",60.2203876643976
"2221",59.9425832266981
"2222",60.2203876643976
"2223",59.9425832266981
"2224",60.4778127108784
"2225",60.2203876643976
"2226",59.9425832266981
"2227",60.2203876643976
"2228",60.4778127108784
"2229",60.2203876643976
"2230",59.9425832266981
"2231",60.4778127108784
"2232",60.2203876643976
"2233",56.7652183498115
"2234",60.2203876643976
"2235",59.128034360947
"2236",60.4778127108784
"2237",60.2203876643976
"2238",60.4778127108784
"2239",60.2203876643976
"2240",59.9425832266981
"2241",59.9425832266981
"2242",59.9425832266981
"2243",60.4778127108784
"2244",60.4778127108784
"2245",60.2203876643976
"2246",59.9425832266981
"2247",60.4778127108784
"2248",60.2203876643976
"2249",59.9425832266981
"2250",59.9425832266981
"2251",60.4778127108784
"2252",60.4778127108784
"2253",60.4778127108784
"2254",60.2203876643976
"2255",60.2203876643976
"2256",60.4778127108784
"2257",60.2203876643976
"2258",59.9425832266981
"2259",60.4778127108784
"2260",60.2203876643976
"2261",59.9425832266981
"2262",60.4778127108784
"2263",60.2203876643976
"2264",59.9425832266981
"2265",60.4778127108784
"2266",60.4778127108784
"2267",60.2203876643976
"2268",60.4778127108784
"2269",60.2203876643976
"2270",60.4778127108784
"2271",60.2203876643976
"2272",59.9425832266981
"2273",60.4778127108784
"2274",60.2203876643976
"2275",59.9425832266981
"2276",59.9425832266981
"2277",59.9425832266981
"2278",60.4778127108784
"2279",60.2203876643976
"2280",59.9425832266981
"2281",60.4778127108784
"2282",60.2203876643976
"2283",59.9425832266981
"2284",60.4778127108784
"2285",60.2203876643976
"2286",59.9425832266981
"2287",60.4778127108784
"2288",60.2203876643976
"2289",60.4778127108784
"2290",60.2203876643976
"2291",59.9425832266981
"2292",60.4778127108784
"2293",60.2203876643976
"2294",60.4778127108784
"2295",59.9425832266981
"2296",60.4778127108784
"2297",60.2203876643976
"2298",59.9425832266981
"2299",60.4778127108784
"2300",60.2203876643976
"2301",60.2203876643976
"2302",60.0946636201231
"2303",59.9425832266981
"2304",60.4778127108784
"2305",60.2203876643976
"2306",59.9425832266981
"2307",60.4778127108784
"2308",59.9425832266981
"2309",60.4778127108784
"2310",60.4778127108784
"2311",60.2203876643976
"2312",60.2203876643976
"2313",59.128034360947
"2314",59.9425832266981
"2315",60.4778127108784
"2316",60.2203876643976
"2317",59.9425832266981
"2318",60.4778127108784
"2319",59.9425832266981
"2320",61.7981863875601
"2321",61.5203819498606
"2322",61.7981863875601
"2323",61.5203819498606
"2324",62.0556114340409
"2325",61.7981863875601
"2326",61.7981863875601
"2327",61.5203819498606
"2328",62.0556114340409
"2329",61.7981863875601
"2330",59.6864017264014
"2331",59.5606776821269
"2332",59.6864017264014
"2333",59.4085972887019
"2334",59.9438267728822
"2335",59.6864017264014
"2336",59.4085972887019
"2337",59.9438267728822
"2338",59.6864017264014
"2339",59.9438267728822
"2340",59.6864017264014
"2341",59.4085972887019
"2342",59.4085972887019
"2343",59.9438267728822
"2344",59.6864017264014
"2345",59.6864017264014
"2346",59.5606776821269
"2347",59.5606776821269
"2348",58.5940484229508
"2349",59.4085972887019
"2350",59.4085972887019
"2351",59.9438267728822
"2352",59.6864017264014
"2353",59.9438267728822
"2354",59.6864017264014
"2355",59.5606776821269
"2356",58.5940484229508
"2357",59.4085972887019
"2358",59.9438267728822
"2359",59.6864017264014
"2360",59.4085972887019
"2361",59.9438267728822
"2362",59.6864017264014
"2363",59.4085972887019
"2364",59.9438267728822
"2365",59.6864017264014
"2366",59.6864017264014
"2367",59.6864017264014
"2368",59.6864017264014
"2369",58.1498263489417
"2370",59.4085972887019
"2371",59.4085972887019
"2372",59.9438267728822
"2373",59.6864017264014
"2374",59.6864017264014
"2375",59.6864017264014
"2376",59.4085972887019
"2377",59.9438267728822
"2378",59.6864017264014
"2379",58.5940484229508
"2380",59.4085972887019
"2381",59.6864017264014
"2382",56.2312324118153
"2383",59.4085972887019
"2384",59.9438267728822
"2385",59.6864017264014
"2386",59.5606776821269
"2387",59.4085972887019
"2388",59.6864017264014
"2389",59.6864017264014
"2390",58.5940484229508
"2391",59.9438267728822
"2392",59.6864017264014
"2393",59.9438267728822
"2394",59.6864017264014
"2395",59.6864017264014
"2396",59.4085972887019
"2397",59.6864017264014
"2398",59.6864017264014
"2399",59.9438267728822
"2400",59.6864017264014
"2401",59.4085972887019
"2402",59.9438267728822
"2403",59.6864017264014
"2404",59.4085972887019
"2405",59.6864017264014
"2406",59.4085972887019
"2407",59.6864017264014
"2408",59.4085972887019
"2409",59.9438267728822
"2410",59.6864017264014
"2411",59.6864017264014
"2412",59.6864017264014
"2413",59.4085972887019
"2414",59.9438267728822
"2415",59.6864017264014
"2416",59.9438267728822
"2417",59.6864017264014
"2418",59.6864017264014
"2419",59.5606776821269
"2420",58.5940484229508
"2421",59.4085972887019
"2422",59.9438267728822
"2423",59.6864017264014
"2424",59.4085972887019
"2425",59.6864017264014
"2426",59.5606776821269
"2427",58.5940484229508
"2428",59.4085972887019
"2429",59.4085972887019
"2430",59.6864017264014
"2431",59.9438267728822
"2432",57.4513462231459
"2433",57.7291506608453
"2434",57.4513462231459
"2435",57.7291506608453
"2436",57.4513462231459
"2437",57.4513462231459
"2438",57.7291506608453
"2439",57.4513462231459
"2440",57.4513462231459
"2441",57.4513462231459
"2442",57.4513462231459
"2443",57.7291506608453
"2444",57.4513462231459
"2445",57.7291506608453
"2446",57.4513462231459
"2447",57.4513462231459
"2448",57.7291506608453
"2449",57.4513462231459
"2450",57.7291506608453
"2451",57.4513462231459
"2452",57.4513462231459
"2453",62.8284295205927
"2454",62.8284295205927
"2455",62.5506250828932
"2456",63.0858545670735
"2457",63.0858545670735
"2458",62.8284295205927
"2459",62.8284295205927
"2460",62.8284295205927
"2461",63.0858545670735
"2462",62.5506250828932
"2463",59.9427571403116
"2464",59.9427571403116
"2465",59.9427571403116
"2466",59.9427571403116
"2467",59.9427571403116
"2468",58.4061817628519
"2469",59.6649527026122
"2470",60.2001821867924
"2471",59.9427571403116
"2472",60.3275521525276
"2473",60.5849771990084
"2474",60.3275521525276
"2475",60.0497477148282
"2476",60.5849771990084
"2477",58.8830720425581
"2478",58.8830720425581
"2479",58.8830720425581
"2480",58.8830720425581
"2481",58.8830720425581
"2482",58.8830720425581
"2483",58.8830720425581
"2484",59.1404970890389
"2485",58.8830720425581
"2486",58.6052676048586
"2487",58.8830720425581
"2488",58.8830720425581
"2489",58.8830720425581
"2490",57.5548074064321
"2491",57.8122324529129
"2492",57.5548074064321
"2493",57.4290833621577
"2494",57.8122324529129
"2495",57.5548074064321
"2496",57.8122324529129
"2497",57.5548074064321
"2498",57.5548074064321
"2499",57.5548074064321
"2500",57.5548074064321
"2501",57.8122324529129
"2502",57.5548074064321
"2503",57.8122324529129
"2504",57.5548074064321
"2505",57.5548074064321
"2506",57.5548074064321
"2507",56.7365009974719
"2508",56.7365009974719
"2509",56.4586965597724
"2510",56.9939260439527
"2511",56.7365009974719
"2512",56.7365009974719
"2513",56.7365009974719
"2514",56.7365009974719
"2515",56.9939260439527
"2516",56.9939260439527
"2517",56.7365009974719
"2518",56.7365009974719
"2519",56.7365009974719
"2520",56.4586965597724
"2521",56.7365009974719
"2522",56.7365009974719
"2523",56.4586965597724
"2524",56.9939260439527
"2525",56.7365009974719
"2526",56.4586965597724
"2527",56.8281726529432
"2528",56.8281726529432
"2529",56.5503682152437
"2530",56.8281726529432
"2531",56.5503682152437
"2532",57.085597699424
"2533",56.8281726529432
"2534",56.5503682152437
"2535",57.085597699424
"2536",56.5503682152437
"2537",57.085597699424
"2538",56.8281726529432
"2539",56.5503682152437
"2540",56.8281726529432
"2541",56.8281726529432
"2542",55.7358193494926
"2543",56.5503682152437
"2544",57.085597699424
"2545",56.0115571730077
"2546",59.4667264875938
"2547",59.4667264875938
"2548",59.7241515340746
"2549",60.5106421913826
"2550",60.7680672378634
"2551",60.5106421913826
"2552",60.7680672378634
"2553",60.7680672378634
"2554",60.5106421913826
"2555",60.5106421913826
"2556",60.5106421913826
"2557",60.5106421913826
"2558",60.5106421913826
"2559",60.2328377536831
"2560",60.7680672378634
"2561",60.5106421913826
"2562",60.7680672378634
"2563",60.7680672378634
"2564",59.158801843424
"2565",59.158801843424
"2566",59.158801843424
"2567",59.158801843424
"2568",59.158801843424
"2569",59.4162268899048
"2570",59.158801843424
"2571",59.158801843424
"2572",58.8809974057245
"2573",59.4162268899048
"2574",59.604696693635
"2575",59.8621217401158
"2576",59.604696693635
"2577",59.604696693635
"2578",59.3268922559355
"2579",59.604696693635
"2580",59.604696693635
"2581",59.604696693635
"2582",59.8621217401158
"2583",59.604696693635
"2584",59.604696693635
"2585",59.604696693635
"2586",59.604696693635
"2587",59.3268922559355
"2588",59.604696693635
"2589",59.604696693635
"2590",59.604696693635
"2591",59.604696693635
"2592",59.3268922559355
"2593",59.8621217401158
"2594",59.8621217401158
"2595",59.3234660322022
"2596",59.3234660322022
"2597",59.0660409857214
"2598",59.0660409857214
"2599",59.0660409857214
"2600",59.0660409857214
"2601",59.3234660322022
"2602",60.5985981502383
"2603",60.8560231967191
"2604",60.5985981502383
"2605",60.5985981502383
"2606",60.5985981502383
"2607",57.9574828760586
"2608",57.9574828760586
"2609",58.1487853215606
"2610",58.1487853215606
"2611",59.000640891171
"2612",59.000640891171
"2613",59.7494217908577
"2614",59.7494217908577
"2615",59.4716173531583
"2616",50.2623578854041
"2617",51.2506810857927
"2618",73.1726975209649
"2619",73.1607383880997
"2620",73.1607383880997
"2621",73.9968254508637
"2622",71.8872474557608
"2623",72.0070785041007
"2624",74.2519301106967
"2625",74.6473191354897
"2626",72.691852422249
"2627",72.691852422249
"2628",72.9696568599484
"2629",72.9696568599484
"2630",74.0065086229699
"2631",70.5513393083839
"2632",73.7287041852705
"2633",74.2639336694507
"2634",74.0065086229699
"2635",74.2639336694507
"2636",74.0065086229699
"2637",74.0065086229699
"2638",73.7287041852705
"2639",74.0065086229699
"2640",73.4725226849737
"2641",73.4725226849737
"2642",73.4725226849737
"2643",70.6142936115155
"2644",74.5541881964357
"2645",72.8521619442938
"2646",61.4913424684406
"2647",70.6978368008001
"2648",70.4080732302355
"2649",71.5219647306989
"2650",70.7930251899242
"2651",70.1850587781347
"2652",72.1724584153249
"2653",72.1724584153249
"2654",70.4947961397837
"2655",70.4947961397837
"2656",71.7890729492859
"2657",71.5316479028051
"2658",70.4392945993545
"2659",73.1094466259676
"2660",71.2550870112897
"2661",70.9976619648089
"2662",69.0404108992529
"2663",69.0404108992529
"2664",68.8660676448397
"2665",58.2250707637988
"2666",58.2250707637988
"2667",64.0664458856356
"2668",63.7886414479361
"2669",63.3794771065986
"2670",64.5882534162891
"2671",65.5252416269318
"2672",63.9486864499533
"2673",66.8332891976639
"2674",63.8669814171869
"2675",55.0254614987563
"2676",60.9046163864338
"2677",60.9046163864338
"2678",60.435730420583
"2679",60.7135348582825
"2680",60.435730420583
"2681",62.0078116677848
"2682",61.2164006833078
"2683",61.4738257297885
"2684",58.9813451800523
"2685",60.6888008003304
"2686",52.6549559984247
"2687",58.4039350332934
"2688",58.4039350332934
"2689",57.3559275264478
"2690",59.8785566478182
"2691",58.200894372277
"2692",59.2377461352985
"2693",59.2377461352985
"2694",60.815544858461
"2695",58.7037601973023
"2696",58.7037601973023
"2697",58.9601156112125
"2698",57.900430513459
"2699",55.7538594683728
"2700",58.0337824369036
"2701",58.0337824369036
"2702",59.5084040514284
"2703",59.5084040514284
"2704",59.5084040514284
"2705",57.8307417758871
"2706",57.8307417758871
"2707",58.3336076009124
"2708",58.055803163213
"2709",55.383706871983
"2710",58.9900296242942
"2711",60.1039211247576
"2712",59.0971771462835
"2713",60.0812213468912
"2714",57.8046017265659
"2715",59.8357998591644
"2716",59.8357998591644
"2717",59.8357998591644
"2718",59.3018139211682
"2719",59.0240094834687
"2720",59.3018139211682
"2721",59.0240094834687
"2722",62.7012667618403
"2723",62.4438417153595
"2724",58.4984842373249
"2725",58.7742140381908
"2726",59.2201088884018
"2727",59.5343241430073
"2728",60.5711759060288
"2729",60.0371899680326
"2730",59.3552530747688
"2731",60.8418338221587
"2732",60.879339771063
"2733",61.3945867671209
"2734",63.9172158884914
"2735",63.9172158884914
"2736",62.2395536129501
"2737",61.9617491752507
"2738",60.5073639347199
"2739",65.6066427944672
"2740",59.6063859268177
"2741",60.141615410998
"2742",62.2449397614683
"2743",55.2853958429496
"2744",53.6077335674084
"2745",61.0589697022876
"2746",60.2675587178106
"2747",57.5750830353619
"2748",60.047883479003
"2749",59.7700790413035
"2750",57.4550930677963
"2751",58.9297146823211
"2752",57.2520524067798
"2753",58.2889041698013
"2754",58.2889041698013
"2755",58.2889041698013
"2756",56.7523287923416
"2757",59.8667028929638
"2758",57.7549182318051
"2759",57.1345574911252
"2760",57.0849404714064
"2761",57.0729813385413
"2762",57.1801288605306
"2763",57.1801288605306
"2764",58.5595620859312
"2765",55.4275145698592
"2766",56.7676967264581
"2767",57.0251217729389
"2768",56.4898922887587
"2769",57.0251217729389
"2770",58.1483351807863
"2771",57.1579458748693
"2772",59.527768406187
"2773",59.527768406187
"2774",57.8501061306458
"2775",58.6091534559678
"2776",60.4647566168297
"2777",60.4647566168297
"2778",58.352971955671
"2779",58.0751675179716
"2780",55.3033675866644
"2781",61.7524247963431
"2782",59.1772124206522
"2783",57.8253720726936
"2784",58.2712669229046
"2785",58.2712669229046
"2786",61.1185472759568
"2787",61.3231840508415
"2788",59.6223339405316
"2789",59.3445295028322
"2790",59.0883480025354
"2791",59.7294984286617
"2792",58.4064111092716
"2793",58.4064111092716
"2794",60.8299800673043
"2795",58.7181954061456
"2796",58.7181954061456
"2797",59.1835359013761
"2798",62.4962353226708
"2799",62.3434287326181
"2800",64.8660578539885
"2801",62.9105911407478
"2802",66.060471111112
"2803",63.4134569657731
"2804",63.6912614034725
"2805",61.456205900217
"2806",67.0907142441446
"2807",64.0546073918994
"2808",55.0374206316215
"2809",54.759616193922
"2810",55.0254614987563
"2811",54.7476570610568
"2812",55.8615485615203
"2813",56.1393529992197
"2814",56.3967780457005
"2815",56.1393529992197
"2816",53.7519705664174
"2817",53.7519705664174
"2818",53.4741661287179
"2819",53.8718016147572
"2820",53.8718016147572
"2821",53.5939971770578
"2822",54.8548045830461
"2823",55.1326090207456
"2824",55.3900340672264
"2825",55.3900340672264
"2826",55.1326090207456
"2827",55.1326090207456
"2828",54.2672175624753
"2829",54.2672175624753
"2830",54.2672175624753
"2831",54.2672175624753
"2832",53.9894131247758
"2833",56.1166532213533
"2834",56.6518827055336
"2835",56.1166532213533
"2836",53.8400336010279
"2837",57.3268880450466
"2838",56.5120422461463
"2839",56.7694672926271
"2840",56.2342378084468
"2841",56.5120422461463
"2842",56.2342378084468
"2843",54.5565755329056
"2844",54.5565755329056
"2845",54.5565755329056
"2846",55.0918050170858
"2847",54.5565755329056
"2848",54.834379970605
"2849",54.5565755329056
"2850",54.5565755329056
"2851",55.0918050170858
"2852",55.593427295927
"2853",55.593427295927
"2854",56.1286567801073
"2855",55.593427295927
"2856",55.8712317336265
"2857",56.1286567801073
"2858",56.1286567801073
"2859",56.1286567801073
"2860",55.593427295927
"2861",56.1286567801073
"2862",57.449030456789
"2863",55.3372457956303
"2864",55.5946708421111
"2865",55.3372457956303
"2866",55.0594413579308
"2867",53.1021902923748
"2868",53.3799947300742
"2869",53.1021902923748
"2870",53.1021902923748
"2871",53.3799947300742
"2872",53.1021902923748
"2873",58.4792735898216
"2874",55.7005917840571
"2875",53.2056514756611
"2876",53.2056514756611
"2877",52.9278470379616
"2878",53.2056514756611
"2879",52.3873450667008
"2880",52.3873450667008
"2881",52.7364417686529
"2882",55.1175705568227
"2883",51.6624012422366
"2884",55.3749956033035
"2885",55.2555407628639
"2886",55.2555407628639
"2887",54.7168850549504
"2888",56.2494422194672
"2889",53.6083269452875
"2890",53.7996293907895
"2891",59.6311254540949
"2892",59.6311254540949
"2893",61.750386621304
"2894",62.0078116677848
"2895",59.3422314098193
"2896",58.3581716098496
"2897",52.5506007785915
"2898",52.2727963408921
"2899",52.2727963408921
"2900",52.5506007785915
"2901",52.2727963408921
"2902",52.2727963408921
"2903",52.5506007785915
"2904",53.3866878413555
"2905",51.2771098462526
"2906",52.3799438628813
"2907",52.9151733470616
"2908",52.6577483005808
"2909",52.9151733470616
"2910",51.3651728808632
"2911",54.8520273248818
"2912",53.759377088282
"2913",52.3595192504402
"2914",52.0817148127408
"2915",52.616944296921
"2916",52.616944296921
"2917",52.0817148127408
"2918",52.3595192504402
"2919",52.3595192504402
"2920",52.3595192504402
"2921",52.0817148127408
"2922",53.1185665757622
"2923",53.6537960599425
"2924",53.1185665757622
"2925",53.3963710134617
"2926",53.6537960599425
"2927",53.1185665757622
"2928",53.3963710134617
"2929",53.1185665757622
"2930",53.6537960599425
"2931",53.1185665757622
"2932",53.6537960599425
"2933",53.3963710134617
"2934",53.6537960599425
"2935",53.1185665757622
"2936",53.6537960599425
"2937",53.6537960599425
"2938",53.3963710134617
"2939",53.1185665757622
"2940",53.1185665757622
"2941",53.3963710134617
"2942",53.1185665757622
"2943",53.6537960599425
"2944",53.6537960599425
"2945",53.3963710134617
"2946",54.6963652989247
"2947",54.9741697366242
"2948",53.1198101219463
"2949",52.8623850754655
"2950",52.584580637766
"2951",52.8623850754655
"2952",51.7700317720149
"2953",53.1198101219463
"2954",52.584580637766
"2955",50.9051340099094
"2956",50.62732957221
"2957",56.2618379161376
"2958",56.0044128696568
"2959",56.2618379161376
"2960",55.7266084319574
"2961",52.0590553916222
"2962",50.1699093930168
"2963",48.3759089690763
"2964",52.6427098366579
"2965",53.4088211027472
"2966",52.5942722369961
"2967",52.3347851924881
"2968",52.3347851924881
"2969",52.7806800426991
"2970",52.7806800426991
"2971",51.6883267392485
"2972",58.3919759004283
"2973",59.8785566478182
"2974",58.959941697599
"2975",59.2377461352985
"2976",59.2377461352985
"2977",59.2377461352985
"2978",57.6114068938517
"2979",57.900430513459
"2980",58.0218233040384
"2981",60.3232498503287
"2982",59.5084040514284
"2983",59.5084040514284
"2984",59.5084040514284
"2985",58.8675935389086
"2986",60.4453922620711
"2987",58.3336076009124
"2988",61.4756353951037
"2989",58.251902568146
"2990",59.3546021927643
"2991",57.5267972888664
"2992",57.8046017265659
"2993",60.4766103716842
"2994",58.5211436584435
"2995",58.7989480961429
"2996",58.5211436584435
"2997",59.8357998591644
"2998",60.0932249056452
"2999",59.8357998591644
"3000",59.8357998591644
"3001",60.0932249056452
"3002",60.0932249056452
"3003",59.5579954214649
"3004",59.0240094834687
"3005",59.0240094834687
"3006",59.0240094834687
"3007",59.3018139211682
"3008",59.3018139211682
"3009",59.3018139211682
"3010",59.0240094834687
"3011",59.559238967649
"3012",59.0240094834687
"3013",57.0667584179127
"3014",62.4438417153595
"3015",62.7012667618403
"3016",62.4438417153595
"3017",62.7012667618403
"3018",59.4775339348826
"3019",58.9423044507023
"3020",50.4201984303485
"3021",68.424144014875
"3022",56.3708504023518
"3023",55.0854003371477
"3024",54.8075958994483
"3025",55.3428253836285
"3026",55.2052313854876
"3027",55.4626564319684
"3028",55.2052313854876
"3029",54.9274269477881
"3030",56.1882343537765
"3031",56.1882343537765
"3032",55.3228428955062
"3033",55.6006473332056
"3034",55.8580723796864
"3035",55.8580723796864
"3036",55.3228428955062
"3037",57.5676675791771
"3038",57.4620865508376
"3039",57.4620865508376
"3040",57.4620865508376
"3041",57.4620865508376
"3042",57.2046615043568
"3043",57.4620865508376
"3044",57.4620865508376
"3045",57.2046615043568
"3046",57.2046615043568
"3047",56.9268570666574
"3048",56.6706755663606
"3049",56.3928711286612
"3050",56.3928711286612
"3051",56.6706755663606
"3052",56.9281006128414
"3053",56.6706755663606
"3054",56.3928711286612
"3055",56.3928711286612
"3056",59.8127033605519
"3057",58.7203500571013
"3058",59.5348989228525
"3059",59.8127033605519
"3060",54.7965062928722
"3061",54.5390812463914
"3062",53.9781998839119
"3063",53.7207748374312
"3064",53.7207748374312
"3065",54.0698715393832
"3066",56.451000327553
"3067",57.7523410778226
"3068",56.1430756833832
"3069",55.8652712456838
"3070",56.1430756833832
"3071",55.0507223799326
"3072",56.400500729864
"3073",56.5889705335942
"3074",56.846395580075
"3075",56.4539049297376
"3076",54.9425484745118
"3077",55.3904842080006
"3078",55.7274896846494
"3079",63.3412414385151
"3080",62.5498304540381
"3081",54.2486031177919
"3082",53.7133736336117
"3083",53.2582138118749
"3084",53.6929490211706
"3085",53.6929490211706
"3086",53.4151445834711
"3087",53.4151445834711
"3088",54.729800784192
"3089",54.729800784192
"3090",54.4519963464926
"3091",54.4519963464926
"3092",54.9872258306728
"3093",54.729800784192
"3094",54.9872258306728
"3095",54.729800784192
"3096",54.729800784192
"3097",54.4519963464926
"3098",54.9872258306728
"3099",54.729800784192
"3100",54.4519963464926
"3101",54.1958148461958
"3102",53.9180104084964
"3103",54.4532398926766
"3104",53.9180104084964
"3105",54.4532398926766
"3106",53.9180104084964
"3107",54.4532398926766
"3108",53.9180104084964
"3109",54.1958148461958
"3110",53.9180104084964
"3111",53.9180104084964
"3112",54.4532398926766
"3113",54.1958148461958
"3114",54.1958148461958
"3115",53.9180104084964
"3116",57.3378426403871
"3117",57.5952676868679
"3118",55.2774803576578
"3119",54.8943312669026
"3120",54.1141098134294
"3121",53.988385769155
"3122",54.2588349106522
"3123",59.7373648040238
"3124",60.5711759060288
"3125",60.0371899680326
"3126",59.6670373716427
"3127",62.8090651658341
"3128",63.0664902123149
"3129",62.8090651658341
"3130",59.5853323388763
"3131",59.5853323388763
"3132",61.1692296298947
"3133",60.6352436918985
"3134",60.6352436918985
"3135",60.8926687383793
"3136",60.6352436918985
"3137",63.7772714860899
"3138",63.7772714860899
"3139",60.5535386591321
"3140",69.2221187945783
"3141",61.4441366745761
"3142",61.1663322368766
"3143",60.5787452163058
"3144",61.9049549497575
"3145",61.686523257134
"3146",65.9426531079254
"3147",68.3193393216153
"3148",58.5843239947225
"3149",59.965323713773
"3150",59.4300942295927
"3151",59.965323713773
"3152",61.2856973904547
"3153",68.044588095415
"3154",65.1104757499734
"3155",66.1473275129949
"3156",66.4047525594757
"3157",65.3355371372992
"3158",66.6950070864607
"3159",66.6950070864607
"3160",62.7952077095715
"3161",63.9172158884914
"3162",63.9172158884914
"3163",61.9617491752507
"3164",62.9986009382721
"3165",62.9986009382721
"3166",62.7424194379754
"3167",62.4646150002759
"3168",62.7424194379754
"3169",62.7424194379754
"3170",60.5073639347199
"3171",65.8844472321667
"3172",66.1418722786475
"3173",64.347871854707
"3174",63.5666599029566
"3175",62.3829099675095
"3176",54.0885786661243
"3177",54.0766195332591
"3178",54.0766195332591
"3179",54.3340445797399
"3180",54.0766195332591
"3181",55.1905110337225
"3182",55.1905110337225
"3183",55.1905110337225
"3184",54.9127065960231
"3185",52.8031286009202
"3186",52.8031286009202
"3187",52.5253241632208
"3188",53.060553647401
"3189",52.5253241632208
"3190",52.5253241632208
"3191",52.9229596492601
"3192",52.9229596492601
"3193",54.1837670552484
"3194",54.4411921017292
"3195",53.905962617549
"3196",54.1837670552484
"3197",54.4411921017292
"3198",54.1837670552484
"3199",54.4411921017292
"3200",54.1837670552484
"3201",53.905962617549
"3202",54.4411921017292
"3203",54.1837670552484
"3204",54.1837670552484
"3205",53.1933777493314
"3206",53.1933777493314
"3207",53.1933777493314
"3208",53.4508027958122
"3209",53.3183755969781
"3210",53.3183755969781
"3211",53.0405711592787
"3212",53.3183755969781
"3213",53.0405711592787
"3214",53.0405711592787
"3215",53.0405711592787
"3216",53.3183755969781
"3217",53.3183755969781
"3218",53.0405711592787
"3219",53.6077335674084
"3220",53.6077335674084
"3221",53.6077335674084
"3222",53.6077335674084
"3223",54.9223897681293
"3224",54.6445853304299
"3225",54.9223897681293
"3226",54.6445853304299
"3227",55.1798148146101
"3228",54.9223897681293
"3229",55.1798148146101
"3230",54.9223897681293
"3231",54.6445853304299
"3232",55.1798148146101
"3233",56.2223840535924
"3234",54.3884038301331
"3235",54.3884038301331
"3236",54.3884038301331
"3237",54.1105993924337
"3238",54.1105993924337
"3239",54.6458288766139
"3240",54.6458288766139
"3241",54.1105993924337
"3242",54.6458288766139
"3243",54.2626797858587
"3244",54.1105993924337
"3245",54.3884038301331
"3246",54.1105993924337
"3247",52.4311527645771
"3248",52.1533483268776
"3249",52.4311527645771
"3250",52.1533483268776
"3251",52.1533483268776
"3252",52.1533483268776
"3253",57.7878566708052
"3254",57.7878566708052
"3255",57.252627186625
"3256",57.7878566708052
"3257",54.3669548063439
"3258",53.5850741462898
"3259",53.5850741462898
"3260",51.1606986635042
"3261",51.2523703189755
"3262",54.4261536378063
"3263",55.4700693415951
"3264",55.4700693415951
"3265",53.5829995094563
"3266",54.3066987973667
"3267",54.3066987973667
"3268",54.3066987973667
"3269",54.3066987973667
"3270",54.3066987973667
"3271",54.3066987973667
"3272",53.1082124717731
"3273",54.4514238945895
"3274",59.6779699832371
"3275",58.4044790508982
"3276",58.4044790508982
"3277",62.2572009672269
"3278",61.1645507306271
"3279",59.4868884550859
"3280",59.7646928927853
"3281",60.8015446558068
"3282",60.5237402181073
"3283",60.8015446558068
"3284",60.5237402181073
"3285",61.0589697022876
"3286",60.2675587178106
"3287",59.9897542801111
"3288",60.2675587178106
"3289",59.9897542801111
"3290",60.2675587178106
"3291",59.17520541436
"3292",59.9897542801111
"3293",60.2675587178106
"3294",63.4095865120019
"3295",63.1317820743024
"3296",59.7216540804481
"3297",60.1858536850442
"3298",51.6017588130943
"3299",51.6017588130943
"3300",51.6017588130943
"3301",52.4378458758583
"3302",50.3282678807554
"3303",50.4480989290953
"3304",50.1702944913958
"3305",51.4311018973842
"3306",51.9663313815644
"3307",51.9663313815644
"3308",50.8435148768133
"3309",50.8435148768133
"3310",50.8435148768133
"3311",51.1009399232941
"3312",50.5657104391139
"3313",50.1385264776665
"3314",51.1328728472436
"3315",51.1328728472436
"3316",51.1328728472436
"3317",51.1328728472436
"3318",52.4475290479645
"3319",52.1697246102651
"3320",52.1697246102651
"3321",52.1697246102651
"3322",52.1697246102651
"3323",52.7049540944453
"3324",52.4475290479645
"3325",52.7049540944453
"3326",52.4475290479645
"3327",52.1697246102651
"3328",52.1697246102651
"3329",52.7049540944453
"3330",52.1697246102651
"3331",52.1697246102651
"3332",52.1697246102651
"3333",52.7049540944453
"3334",52.7049540944453
"3335",52.4475290479645
"3336",52.1697246102651
"3337",52.1697246102651
"3338",52.1697246102651
"3339",52.4475290479645
"3340",52.1697246102651
"3341",52.7049540944453
"3342",52.4475290479645
"3343",52.1697246102651
"3344",54.025327771127
"3345",53.7475233334276
"3346",54.025327771127
"3347",51.9135431099683
"3348",52.1709681564491
"3349",52.1709681564491
"3350",52.1709681564491
"3351",51.9135431099683
"3352",51.9135431099683
"3353",51.6357386722689
"3354",51.6357386722689
"3355",51.9135431099683
"3356",51.9135431099683
"3357",51.6357386722689
"3358",52.1709681564491
"3359",51.9135431099683
"3360",54.7777664664602
"3361",51.110213426125
"3362",51.3676384726058
"3363",50.8324089884256
"3364",51.110213426125
"3365",49.2210674275197
"3366",49.0553140365101
"3367",52.9952086214303
"3368",52.0892631236827
"3369",52.0892631236827
"3370",51.2931823692884
"3371",51.6967724733453
"3372",57.4431339349311
"3373",56.289474050932
"3374",56.6848899986501
"3375",58.2889041698013
"3376",58.2889041698013
"3377",59.8667028929638
"3378",59.8667028929638
"3379",57.7549182318051
"3380",55.797667166249
"3381",60.8969460259964
"3382",60.8969460259964
"3383",58.6534937044122
"3384",56.9515885479618
"3385",58.5791586967863
"3386",57.6732131990387
"3387",57.391982537606
"3388",57.8179382962615
"3389",57.0849404714064
"3390",57.0849404714064
"3391",58.5595620859312
"3392",57.9187515734115
"3393",58.1761766198922
"3394",57.9187515734115
"3395",59.4965502965739
"3396",57.3847656354152
"3397",57.3847656354152
"3398",57.3847656354152
"3399",55.4275145698592
"3400",55.4275145698592
"3401",60.2489889919071
"3402",60.5267934296066
"3403",55.253171315446
"3404",57.1650903966076
"3405",57.3030606026488
"3406",57.3030606026488
"3407",57.3030606026488
"3408",57.3030606026488
"3409",57.7633832210976
"3410",58.041187658797
"3411",57.7633832210976
"3412",58.877274721561
"3413",56.4898922887587
"3414",57.1449528212788
"3415",56.6097233370985
"3416",57.8705307430869
"3417",57.8705307430869
"3418",57.0051392848166
"3419",57.282943722516
"3420",57.282943722516
"3421",57.282943722516
"3422",60.3426142050873
"3423",57.5723016929463
"3424",58.1075311771265
"3425",57.5723016929463
"3426",57.5723016929463
"3427",57.8501061306458
"3428",57.5723016929463
"3429",58.8869578936672
"3430",58.6091534559678
"3431",58.8869578936672
"3432",58.6091534559678
"3433",58.8869578936672
"3434",58.6091534559678
"3435",59.144382940148
"3436",58.6091534559678
"3437",60.4647566168297
"3438",58.352971955671
"3439",58.6103970021518
"3440",58.352971955671
"3441",58.0751675179716
"3442",58.352971955671
"3443",58.352971955671
"3444",58.352971955671
"3445",58.0751675179716
"3446",58.0751675179716
"3447",56.1179164524155
"3448",56.1179164524155
"3449",61.4949997498623
"3450",61.2171953121629
"3451",57.8070673183085
"3452",59.1772124206522
"3453",58.2712669229046
"3454",58.5286919693854
"3455",58.5286919693854
"3456",59.265168379508
"3457",59.265168379508
"3458",56.881478151809
"3459",50.5232591137187
"3460",66.9400725651976
"3461",55.1442039991552
"3462",55.4220084368546
"3463",53.8734739265298
"3464",55.4100493039895
"3465",56.7813658509337
"3466",56.2461363667534
"3467",53.8587539339511
"3468",54.2563894199904
"3469",53.9785849822909
"3470",55.7746218724595
"3471",55.5171968259788
"3472",55.7746218724595
"3473",55.2393923882793
"3474",55.5171968259788
"3475",54.7842325665425
"3476",54.5268075200617
"3477",54.7842325665425
"3478",54.2490030823623
"3479",54.9092304141892
"3480",56.7790454642859
"3481",57.0364705107667
"3482",55.2189677758382
"3483",54.9411633381387
"3484",55.0932437315637
"3485",55.2189677758382
"3486",56.2558195388597
"3487",56.5132445853404
"3488",56.5132445853404
"3489",56.5132445853404
"3490",56.2558195388597
"3491",56.5132445853404
"3492",56.5132445853404
"3493",57.5558138243227
"3494",58.0910433085029
"3495",57.8336182620221
"3496",58.0910433085029
"3497",55.7218336008634
"3498",55.444029163164
"3499",55.444029163164
"3500",55.444029163164
"3501",55.7218336008634
"3502",55.7218336008634
"3503",53.7645825353074
"3504",58.8638613950548
"3505",55.9781890147737
"3506",55.175928963501
"3507",54.9185039170202
"3508",53.5902392808942
"3509",53.5902392808942
"3510",53.847664327375
"3511",53.5902392808942
"3512",55.5021583620558
"3513",56.5460740658447
"3514",56.5460740658447
"3515",55.1942337178861
"3516",55.640128568097
"3517",55.8975536145778
"3518",55.640128568097
"3519",55.640128568097
"3520",55.640128568097
"3521",55.8975536145778
"3522",55.8975536145778
"3523",55.3588979066643
"3524",55.3588979066643
"3525",55.2476379177596
"3526",56.6340300247004
"3527",54.1842171960227
"3528",61.1185472759568
"3529",62.1349744265371
"3530",62.0092503822627
"3531",61.8584135350217
"3532",61.6009884885409
"3533",64.4652118450328
"3534",52.6573841461252
"3535",51.5037242621262
"3536",52.7645316681145
"3537",53.042336105814
"3538",53.2997611522948
"3539",52.1769446475437
"3540",52.1769446475437
"3541",51.6517537522228
"3542",53.0015321021542
"3543",52.4663026179739
"3544",54.0383838651756
"3545",54.0383838651756
"3546",53.5031543809954
"3547",53.5031543809954
"3548",53.5031543809954
"3549",53.5031543809954
"3550",53.7809588186949
"3551",53.7809588186949
"3552",54.0383838651756
"3553",53.6552347744204
"3554",55.6161825883381
"3555",55.3587575418574
"3556",53.2469728806987
"3557",52.9691684429992
"3558",53.5043979271794
"3559",51.710397503239
"3560",52.9691684429992
"3561",52.9691684429992
"3562",53.5043979271794
"3563",52.9691684429992
"3564",53.5043979271794
"3565",52.4436431968554
"3566",52.4436431968554
"3567",50.9070678193957
"3568",50.2970721517692
"3569",50.2970721517692
"3570",54.0712133456799
"3571",52.7193729977213
"3572",53.1652678479323
"3573",51.5180540303559
"3574",60.1455598659579
"3575",60.2631444530514
"3576",61.2001326636941
"3577",62.4878008432075
"3578",59.8929918566616
"3579",59.2521813441418
"3580",60.8299800673043
"3581",60.8299800673043
"3582",58.7181954061456
"3583",62.1176482468177
"3584",57.9148657223023
"3585",58.0978346654657
"3586",59.6303918299825
"3587",59.4817649515167
"3588",58.8737985397272
"3589",61.5203819498606
"3590",59.6864017264014
"3591",68.4763174900976
"3592",69.0539470918059
"3593",60.4001063199548
"3594",60.1223018822553
"3595",60.1103427493902
"3596",59.2344873030906
"3597",59.6299032508086
"3598",59.6299032508086
"3599",59.3520988131092
"3600",59.2027192893613
"3601",60.1970656589383
"3602",59.9192612212389
"3603",59.9192612212389
"3604",61.2339174219598
"3605",61.4913424684406
"3606",61.4913424684406
"3607",61.2339174219598
"3608",61.2339174219598
"3609",61.2339174219598
"3610",60.6999314839636
"3611",60.6999314839636
"3612",60.4221270462642
"3613",60.4221270462642
"3614",60.1723316009862
"3615",60.3404220134978
"3616",60.6182264511972
"3617",60.6182264511972
"3618",60.2257358008598
"3619",60.2257358008598
"3620",66.8365114181219
"3621",57.9132864669248
"3622",57.7426295512147
"3623",58.2778590353949
"3624",58.759056701795
"3625",59.0164817482758
"3626",57.9472663260994
"3627",58.2250707637988
"3628",57.9472663260994
"3629",57.4217410799555
"3630",59.3067362752608
"3631",58.1433657310324
"3632",63.7546615887616
"3633",64.6004318236318
"3634",66.1782305467943
"3635",65.9004261090948
"3636",64.0664458856356
"3637",64.7535051526682
"3638",65.6859355386621
"3639",64.8710897397617
"3640",64.8710897397617
"3641",63.6962932892457
"3642",63.6962932892457
"3643",63.6962932892457
"3644",65.466606813091
"3645",65.8392960600175
"3646",65.4559105939785
"3647",65.4559105939785
"3648",64.9206811097983
"3649",64.3866951718021
"3650",64.6644996095015
"3651",67.8065274036929
"3652",64.9208550234118
"3653",65.1782800698926
"3654",61.4367944428726
"3655",61.9720239270529
"3656",61.8062705360434
"3657",64.8402196232159
